ID,Type,Arabic_Words,Issues
omw-arb-03012209-a,Synset,"أوّلِي, أَوَّلِي",No Arabic definition; No examples
omw-arb-13983515-n,Synset,"ظلْماء, دُهْمة, عتْمة",No Arabic definition; No examples
omw-arb-13659760-n,Synset,"كِيْلُو مِتْر, كم",No Arabic definition; No examples
omw-arb-09885145-n,Synset,"شارِي, مُشْترٍ, مُشْترِي",No Arabic definition; No examples
omw-arb-02316707-n,Synset,شائِك الجِلْد,No Arabic definition; No examples
omw-arb-04980463-n,Synset,"شذا, أرج, أرِيج",No Arabic definition; No examples
omw-arb-05169813-n,Synset,"شأن, أهمِّيّة",No Arabic definition; No examples
omw-arb-05670710-n,Synset,"شأن, همّ",No Arabic definition; No examples
omw-arb-05671325-n,Synset,"شأن, شيء, أمْر",No Arabic definition; No examples
omw-arb-05814650-n,Synset,"شأن, مسْألة, قضِيّة",No Arabic definition; No examples
omw-arb-05855004-n,Synset,شأن,No Arabic definition; No examples
omw-arb-13943968-n,Synset,"شأْن, أمْر",No Arabic definition; No examples
omw-arb-01824958-v,Synset,"شاء, أراد, رضِي",No Arabic definition; No examples
omw-arb-10042845-n,Synset,"شاذّ, شخْص غرِيب الأطْوار, مهْوُس",No Arabic definition; No examples
omw-arb-00935987-v,Synset,"شاع, ذاع, اِنْتشر",No Arabic definition; No examples
omw-arb-00969873-v,Synset,"شاع, ذِيْع, اِنْتشر",No Arabic definition; No examples
omw-arb-10444194-n,Synset,شاعِر,No Arabic definition; No examples
omw-arb-04490091-n,Synset,شاحِنة,No Arabic definition; No examples
omw-arb-01063930-v,Synset,"شاطر, شارك",No Arabic definition; No examples
omw-arb-02295208-v,Synset,"شاطر, شارك, قاسم",No Arabic definition; No examples
omw-arb-01821996-v,Synset,"شاطر الأسى, أشْفق, صبّر",No Arabic definition; No examples
omw-arb-09433442-n,Synset,"شاطِئ, شطّ, ساحِل",No Arabic definition; No examples
omw-arb-09428293-n,Synset,"شاطِئ, شاطِئ البحْر, شطّ",No Arabic definition; No examples
omw-arb-10804287-n,Synset,"شاب, فتى",No Arabic definition; No examples
omw-arb-01646941-a,Synset,"شاب, حدث, ناشِئ",No Arabic definition; No examples
omw-arb-00653620-v,Synset,"شابه, قارن, تبادل الآراء",No Arabic definition; No examples
omw-arb-02665282-v,Synset,"شابه, تشابه, تماثل",No Arabic definition; No examples
omw-arb-02665617-v,Synset,"شابه, شبه",No Arabic definition; No examples
omw-arb-09870926-n,Synset,"شابّ, صبِيّ, فتى",No Arabic definition; No examples
omw-arb-10129825-n,Synset,"شابّة, صبِيّة, بِنْت",No Arabic definition; No examples
omw-arb-14485249-n,Synset,"شاغِر, فتْح, فُرْصة",No Arabic definition; No examples
omw-arb-02493030-v,Synset,"شاهد, رأى, أدرك",No Arabic definition; No examples
omw-arb-02150510-v,Synset,"شاهد, ارتقب, انتظر",No Arabic definition; No examples
omw-arb-02128653-v,Synset,شاهد,No Arabic definition; No examples
omw-arb-02129289-v,Synset,"شاهد, أبْصر, رأى",No Arabic definition; No examples
omw-arb-02163746-v,Synset,"شاهد, رأى, صوب",No Arabic definition; No examples
omw-arb-02150948-v,Synset,"شاهد, رأى, عنى",No Arabic definition; No examples
omw-arb-02486232-v,Synset,"شاهد, رأى, تواعد",No Arabic definition; No examples
omw-arb-05823932-n,Synset,"شاهِد, علامة, دلِيل",No Arabic definition; No examples
omw-arb-08728268-n,Synset,شانْغهاي,No Arabic definition; No examples
omw-arb-03969627-n,Synset,شاقُول,No Arabic definition; No examples
omw-arb-01082606-v,Synset,"شارك, إِنْضمّ, اِشْترك",No Arabic definition; No examples
omw-arb-02450256-v,Synset,"شارك, اِشْترك",No Arabic definition; No examples
omw-arb-02295550-v,Synset,"شارك, اِشْترك, قاسم",No Arabic definition; No examples
omw-arb-01996735-v,Synset,"شارك فِي موْكِب, مشى, سار",No Arabic definition; No examples
omw-arb-04334599-n,Synset,شارِع,No Arabic definition; No examples
omw-arb-04097622-n,Synset,"شارِع, طرِيق",No Arabic definition; No examples
omw-arb-04426618-n,Synset,"شارِع, طرِيق",No Arabic definition; No examples
omw-arb-00877559-v,Synset,"شاور, اسْتشار, تشاور",No Arabic definition; No examples
omw-arb-12929783-n,Synset,"شاي, كامِيلْيا صِيِنِيّة",No Arabic definition; No examples
omw-arb-00492677-a,Synset,"شائِع, عام, مُشْترك",No Arabic definition; No examples
omw-arb-00072261-n,Synset,"شائِبة, عيْب, بُقْعة",No Arabic definition; No examples
omw-arb-00715239-v,Synset,"شعر, أحسّ",No Arabic definition; No examples
omw-arb-01771535-v,Synset,"شعر, أحس, أدرك",No Arabic definition; No examples
omw-arb-00690305-v,Synset,"شعر, أحسّ, أحس",No Arabic definition; No examples
omw-arb-02106006-v,Synset,"شعر, أحسّ, حسّ",No Arabic definition; No examples
omw-arb-01826184-v,Synset,"شعر بِالميْل نحْو, شعر بِاْلرّغْبة في, أراد",No Arabic definition; No examples
omw-arb-01030820-n,Synset,شعِيرة,No Arabic definition; No examples
omw-arb-01033184-n,Synset,"شعِيرة, طقْس دِينِيّ",No Arabic definition; No examples
omw-arb-01027859-n,Synset,"شعِيرة, شعِيرة دِينِيّة, طقْس",No Arabic definition; No examples
omw-arb-01028082-n,Synset,"شعِيرة دِينيّة, اِحْتِفال دِيني",No Arabic definition; No examples
omw-arb-08160276-n,Synset,"شعْب, مُواطِنِين, ناس",No Arabic definition; No examples
omw-arb-08303692-n,Synset,"شعْب, أمّة",No Arabic definition; No examples
omw-arb-04808639-n,Synset,"شعْبِيّة, حُظْوة, رواج",No Arabic definition; No examples
omw-arb-05254795-n,Synset,شعْر,No Arabic definition; No examples
omw-arb-01326015-n,Synset,"شعْر عُنثق الفرس, عُرْف, عُرْف الدِيك",No Arabic definition; No examples
omw-arb-02767116-v,Synset,شعّ,No Arabic definition; No examples
omw-arb-00473572-v,Synset,"شحذ, حسّن, هذّب",No Arabic definition; No examples
omw-arb-02270815-v,Synset,"شحذ, اِسْتعْطى, اِسْتجْدى",No Arabic definition; No examples
omw-arb-00782057-v,Synset,"شحد, توسّل",No Arabic definition; No examples
omw-arb-00518115-v,Synset,"شحن, أثقل, أشبع",No Arabic definition; No examples
omw-arb-01950798-v,Synset,"شحن, أرْسل, بعث",No Arabic definition; No examples
omw-arb-00103619-v,Synset,"شحِب, اِصْفرّ, أصبح شاحب",No Arabic definition; No examples
omw-arb-14864360-n,Synset,"شحْم, دُهْن",No Arabic definition; No examples
omw-arb-14938907-n,Synset,"شحْم, دُهْن",No Arabic definition; No examples
omw-arb-14890659-n,Synset,"شحْم التزْلِيق, مُشحِّم, مُزلِّق",No Arabic definition; No examples
omw-arb-00061290-n,Synset,"شحْن, إِرْسال",No Arabic definition; No examples
omw-arb-01105259-n,Synset,"شحْن, نقْل",No Arabic definition; No examples
omw-arb-02964389-n,Synset,"شحْنة, حِمْل, حُمُولة",No Arabic definition; No examples
omw-arb-00800750-v,Synset,"شطب, حذف",No Arabic definition; No examples
omw-arb-00036362-v,Synset,"شطف, إِغْتسل, غسل",No Arabic definition; No examples
omw-arb-01536168-v,Synset,"شطف, غسل, أحاط",No Arabic definition; No examples
omw-arb-00397760-n,Synset,"شطْب, حذْف, مسْح",No Arabic definition; No examples
omw-arb-00394610-n,Synset,"شطْب, حذْف, محْو",No Arabic definition; No examples
omw-arb-00232604-n,Synset,"شطْب, حذْف, ",No Arabic definition; No examples
omw-arb-03892891-n,Synset,"شطْر, جُزْء",No Arabic definition; No examples
omw-arb-00503237-n,Synset,"شطْرنْج, شِطْرنْج, لُعْبة الشّطْرنْج",No Arabic definition; No examples
omw-arb-04709253-n,Synset,"شظف, عناء, عُسْر",No Arabic definition; No examples
omw-arb-04710127-n,Synset,"شظف, شِدّة, حِدّة",No Arabic definition; No examples
omw-arb-01259458-v,Synset,"شظّى, ثلّم",No Arabic definition; No examples
omw-arb-07944050-n,Synset,"شباب, شبِيبة, صِغار السِنّ",No Arabic definition; No examples
omw-arb-15266034-n,Synset,"شباب, صِبا, ريعان الشباب",No Arabic definition; No examples
omw-arb-09545976-n,Synset,شبح,No Arabic definition; No examples
omw-arb-04744814-n,Synset,"شبه, مِثْل, مُشابهة",No Arabic definition; No examples
omw-arb-04743605-n,Synset,"شبه, مِثْل, مُشابهة",No Arabic definition; No examples
omw-arb-03819595-n,Synset,شبكة,No Arabic definition; No examples
omw-arb-07489714-n,Synset,"شبق, رغْبة, توْق",No Arabic definition; No examples
omw-arb-07487955-n,Synset,"شبق, شهْوة جِنْسِيّة, رغْبة جِنْسِيّة",No Arabic definition; No examples
omw-arb-01438720-n,Synset,"شببُّوطِيّات, الشّبُوطِيّات, عائِلة الشّبُوطِيّات",No Arabic definition; No examples
omw-arb-01188342-v,Synset,"شبِع, اِمْتلأ",No Arabic definition; No examples
omw-arb-02611112-a,Synset,"شبِيه بِالطحْلب, طحْلبانِي",No Arabic definition; No examples
omw-arb-00254527-r,Synset,"شبِيه بِالموْت, مُمِيت",No Arabic definition; No examples
omw-arb-02785757-a,Synset,"شبِيْه بالبروتين, برُتِيْنِي",No Arabic definition; No examples
omw-arb-01510827-v,Synset,"شبّك, شغّل, أشْغل",No Arabic definition; No examples
omw-arb-01528069-v,Synset,"شدّ, ضغط, غرز",No Arabic definition; No examples
omw-arb-01190683-a,Synset,"شدِيد, ضخْم, ثقِيل",No Arabic definition; No examples
omw-arb-01509527-a,Synset,شدِيد,No Arabic definition; No examples
omw-arb-00114431-n,Synset,"شدّ, جذْب, جرّ",No Arabic definition; No examples
omw-arb-11515051-n,Synset,"شدّ, توتُّر",No Arabic definition; No examples
omw-arb-00071803-v,Synset,"شدّ, مزّق",No Arabic definition; No examples
omw-arb-00318816-v,Synset,"شدّ, بسط, مطّ",No Arabic definition; No examples
omw-arb-00420132-v,Synset,"شدّ, ربط, تحمل",No Arabic definition; No examples
omw-arb-01013367-v,Synset,"شدّد, أكّد, علّم",No Arabic definition; No examples
omw-arb-01240210-n,Synset,"شفاعة, تشفُّع, تشفُّع لِـ",No Arabic definition; No examples
omw-arb-02823920-a,Synset,"شفهِي, كلامِي, لفْظِي",No Arabic definition; No examples
omw-arb-00128456-r,Synset,"شفهِيّا, حرْفِيّا, لفْظِيّا",No Arabic definition; No examples
omw-arb-05305806-n,Synset,شفة,No Arabic definition; No examples
omw-arb-14423740-n,Synset,شفق,No Arabic definition; No examples
omw-arb-00034574-n,Synset,"شفقة, لِين, لُطْف",No Arabic definition; No examples
omw-arb-07553741-n,Synset,"شفقة, إشْفاق",No Arabic definition; No examples
omw-arb-01227495-n,Synset,"شفقة, رأْفة, رحْمة",No Arabic definition; No examples
omw-arb-01071411-n,Synset,"شفقة, إِشْفاق, عطْف",No Arabic definition; No examples
omw-arb-02848216-n,Synset,"شفْرة, شفْرة المُدْية, نصْلة",No Arabic definition; No examples
omw-arb-00994076-v,Synset,"شفّر, رمّز, حظيرة",No Arabic definition; No examples
omw-arb-00553823-n,Synset,"شغب, إِضْطِراب, إِرْتِجاف",No Arabic definition; No examples
omw-arb-13977043-n,Synset,"شغب, إِخْلال",No Arabic definition; No examples
omw-arb-05682950-n,Synset,"شغف, رغْبة",No Arabic definition; No examples
omw-arb-00600370-v,Synset,"شغل, اِنْهمك, اِسْتحْوذ",No Arabic definition; No examples
omw-arb-00601043-v,Synset,"شغل, اِنْشغل, اِنْغمر",No Arabic definition; No examples
omw-arb-02415831-v,Synset,"شغل, شغل نفْسه, أشْغل",No Arabic definition; No examples
omw-arb-02649830-v,Synset,"شغل, أقام, عاش",No Arabic definition; No examples
omw-arb-00100551-v,Synset,"شغّل, درّب",No Arabic definition; No examples
omw-arb-02240151-v,Synset,"شغّل, اِسْتخْدم, جنّد",No Arabic definition; No examples
omw-arb-02443849-v,Synset,"شغّل, أدار, ترأّس",No Arabic definition; No examples
omw-arb-01857717-v,Synset,شغّل,No Arabic definition; No examples
omw-arb-01224744-v,Synset,"شغّل, ضبط",No Arabic definition; No examples
omw-arb-01510173-v,Synset,شغّل,No Arabic definition; No examples
omw-arb-01211699-v,Synset,"شغّل, حرّك, أثر في",No Arabic definition; No examples
omw-arb-01510399-v,Synset,"شغّل, فتح",No Arabic definition; No examples
omw-arb-02407987-v,Synset,"شغّل, أثار, أحرز مكانة",No Arabic definition; No examples
omw-arb-02240319-v,Synset,"شغّل, اِسْتخْدم, وَظَّفَ",No Arabic definition; No examples
omw-arb-06697331-n,Synset,"شهادة, شهادة عِلْمِيّة, درجة",No Arabic definition; No examples
omw-arb-01014821-v,Synset,شهِد,No Arabic definition; No examples
omw-arb-01015244-v,Synset,"شهِد, أثْبت, برْهن",No Arabic definition; No examples
omw-arb-10296832-n,Synset,شهِيد,No Arabic definition; No examples
omw-arb-15206296-n,Synset,شهْر,No Arabic definition; No examples
omw-arb-15209413-n,Synset,"شهْر, شهْر مِيلادِيّ, شهْر شمْسِيّ",No Arabic definition; No examples
omw-arb-15213115-n,Synset,"شهْر التُمور - في ليبيا, أكْتُوبر, تشْرِين أول",No Arabic definition; No examples
omw-arb-15207872-n,Synset,شهْر قمرِيّ,No Arabic definition; No examples
omw-arb-15209706-n,Synset,شهْر غريغوري,No Arabic definition; No examples
omw-arb-07526182-n,Synset,شجاعة,No Arabic definition; No examples
omw-arb-00841580-v,Synset,"شجب, اِسْتنْكر, ندّد",No Arabic definition; No examples
omw-arb-13989051-n,Synset,"شجن, أسى, اِبْتِئاس",No Arabic definition; No examples
omw-arb-13104059-n,Synset,شجرة,No Arabic definition; No examples
omw-arb-12246232-n,Synset,"شجرة التُّوت, تُوت",No Arabic definition; No examples
omw-arb-01797347-v,Synset,"شجِن, أسِي, اِبْتأس",No Arabic definition; No examples
omw-arb-02554922-v,Synset,"شجّع, روّج, دعم",No Arabic definition; No examples
omw-arb-00771341-v,Synset,"شجّع, حث, دعم",No Arabic definition; No examples
omw-arb-01818235-v,Synset,"شجّع, حمّس, ساند",No Arabic definition; No examples
omw-arb-00802318-v,Synset,"شجّع, أذِن, أجاز",No Arabic definition; No examples
omw-arb-00907147-v,Synset,"شكى, اِشْتكى, تذمّر",No Arabic definition; No examples
omw-arb-00892315-v,Synset,"شكر, حمد, تشكّر",No Arabic definition; No examples
omw-arb-02546467-v,Synset,"شكر, اِعْترف بِـ, قدّر",No Arabic definition; No examples
omw-arb-01659248-v,Synset,"شكّل, كوّن, أثار",No Arabic definition; No examples
omw-arb-01256374-v,Synset,"شكّل بِقالب الطّرْق, شكّل بِالتّطْرِيق, أبطل",No Arabic definition; No examples
omw-arb-01647229-v,Synset,"شكّل, أنْشأ, أقام",No Arabic definition; No examples
omw-arb-02844714-n,Synset,شكِيمة,No Arabic definition; No examples
omw-arb-13863186-n,Synset,"شكل مُسْتوٍ, شكْل ثُنائِيّ البُعْد",No Arabic definition; No examples
omw-arb-00027807-n,Synset,"شكْل, صُورة, هيْئة",No Arabic definition; No examples
omw-arb-13862780-n,Synset,شكْل,No Arabic definition; No examples
omw-arb-04677514-n,Synset,"شكْل, صُورة, مظْهر",No Arabic definition; No examples
omw-arb-05064037-n,Synset,"شكْل, صُورة, هيْئة",No Arabic definition; No examples
omw-arb-05839024-n,Synset,"شكْل, ضرْب, صِنْف",No Arabic definition; No examples
omw-arb-05930736-n,Synset,"شكْل, صُورة, نمط",No Arabic definition; No examples
omw-arb-04930478-n,Synset,"شكْل, صُورة",No Arabic definition; No examples
omw-arb-03335600-n,Synset,"شكْل, شكْل بشرِيّ, شكْل جِسْمانِي",No Arabic definition; No examples
omw-arb-04677952-n,Synset,"شكْل, صِباغ, برِيق",No Arabic definition; No examples
omw-arb-03815278-n,Synset,شكْل الياقة,No Arabic definition; No examples
omw-arb-13867492-n,Synset,"شكْل عشْوائِي, شكْل غيْر مُنظّم",No Arabic definition; No examples
omw-arb-13862282-n,Synset,شكْل طبِيعِيّ,No Arabic definition; No examples
omw-arb-13863602-n,Synset,شكْل فرْعِيّ,No Arabic definition; No examples
omw-arb-13865483-n,Synset,شكْل دائِرِيّ,No Arabic definition; No examples
omw-arb-13914837-n,Synset,"شكْل هرمِيّ, هرم",No Arabic definition; No examples
omw-arb-13867276-n,Synset,"شكْل مُشوّه, تشْوِيْه",No Arabic definition; No examples
omw-arb-13866144-n,Synset,"شكْل مُضلّع, مُضلّع",No Arabic definition; No examples
omw-arb-13864153-n,Synset,"شكْل مُحدّب, تحدُّب",No Arabic definition; No examples
omw-arb-13863473-n,Synset,"شكْل مُجسّم, شكْل ثُلاثِيّ الأبْعاد",No Arabic definition; No examples
omw-arb-13867641-n,Synset,"شكْل مُنْحنِي, مُنْحنى",No Arabic definition; No examples
omw-arb-13864965-n,Synset,"شكْل مُقعّر, إِلْتِواء نحْو الدّاخِل, تقعُّر",No Arabic definition; No examples
omw-arb-13873361-n,Synset,"شكْل مُسْتطِيل, مُسْتطِيل",No Arabic definition; No examples
omw-arb-13864763-n,Synset,"شكْل زاوِيّ, الزّاوِيّة",No Arabic definition; No examples
omw-arb-02936410-a,Synset,"شكْلِيّ, صٍيغِيّ",No Arabic definition; No examples
omw-arb-14055408-n,Synset,"شكْوى, عِلّة, مرض",No Arabic definition; No examples
omw-arb-07208708-n,Synset,شكْوى,No Arabic definition; No examples
omw-arb-01182654-n,Synset,"شكْوى, اِدِّعاء, دعْوى",No Arabic definition; No examples
omw-arb-05698247-n,Synset,"شكّ, إرْتِياب, ريْب",No Arabic definition; No examples
omw-arb-00687295-v,Synset,"شكّ, اِرْتاب, تشكّك",No Arabic definition; No examples
omw-arb-00142191-v,Synset,"شكّل, صاغ, مثّل",No Arabic definition; No examples
omw-arb-02621395-v,Synset,"شكّل, ألّف, ألف",No Arabic definition; No examples
omw-arb-01668603-v,Synset,"شكّل, عالج, عمِل",No Arabic definition; No examples
omw-arb-01675245-v,Synset,"شكّل, صاغ, طرق",No Arabic definition; No examples
omw-arb-01697027-v,Synset,"شكّل, صاغ, جسّم",No Arabic definition; No examples
omw-arb-02621244-v,Synset,"شكّل, كوّن",No Arabic definition; No examples
omw-arb-00701040-v,Synset,"شكّل, أعْطى شكْلاً لـ, أثّر فِي",No Arabic definition; No examples
omw-arb-02448185-v,Synset,"شكّل, ألّف, أنْشأ",No Arabic definition; No examples
omw-arb-00436404-v,Synset,"شكّل, نوّع, تفرّع",No Arabic definition; No examples
omw-arb-02664575-v,Synset,شكّل أساس,No Arabic definition; No examples
omw-arb-00091647-v,Synset,"شلّ, أصاب بِعرج, أقْعد",No Arabic definition; No examples
omw-arb-01207149-v,Synset,"شلّ حركة, أمْسك, أوْقف",No Arabic definition; No examples
omw-arb-00244043-r,Synset,"شمالاً, إِلى الشّمال, بِاتِّجاه الشّمال",No Arabic definition; No examples
omw-arb-13831176-n,Synset,"شمال, جِهة الشّمال",No Arabic definition; No examples
omw-arb-13831441-n,Synset,"شمال, شمال مغْناطِيْسِي",No Arabic definition; No examples
omw-arb-01605753-a,Synset,شمالِي,No Arabic definition; No examples
omw-arb-01600333-a,Synset,شمالِيّ,No Arabic definition; No examples
omw-arb-02636132-v,Synset,"شمل, شمِل, اِنْطوى",No Arabic definition; No examples
omw-arb-02632940-v,Synset,"شمِل, اشتمل, تضمن",No Arabic definition; No examples
omw-arb-02629535-v,Synset,"شمِل, اِحْتوى, ضمّ",No Arabic definition; No examples
omw-arb-13641534-n,Synset,"شمْعة-قدم, شمْعة, قنْدِيلة",No Arabic definition; No examples
omw-arb-01014066-n,Synset,"شمْل, جمْع, مجْمُوْعة",No Arabic definition; No examples
omw-arb-09450163-n,Synset,شمْس,No Arabic definition; No examples
omw-arb-11485367-n,Synset,"شمْس, أشِعّة الشّمْس, ضُوء الشمْس",No Arabic definition; No examples
omw-arb-00882961-n,Synset,شمّ,No Arabic definition; No examples
omw-arb-00883139-n,Synset,"شمّ, تنشُّق",No Arabic definition; No examples
omw-arb-05713737-n,Synset,"شمّ, حاسّة الشمّ",No Arabic definition; No examples
omw-arb-02125223-v,Synset,"شمّ, شم",No Arabic definition; No examples
omw-arb-02124748-v,Synset,"شمّ, اِشْتمّ, تنشّق",No Arabic definition; No examples
omw-arb-02770629-a,Synset,"شمّيّ, خَاص بالشَمّ",No Arabic definition; No examples
omw-arb-00746033-n,Synset,"شناعة, فاْحِشة, فداحة",No Arabic definition; No examples
omw-arb-00424767-n,Synset,"شناعة, عمل برْبرِي, عمل وحْشِي",No Arabic definition; No examples
omw-arb-14439447-n,Synset,"شنار, ذُلّ, عار",No Arabic definition; No examples
omw-arb-02485451-v,Synset,شنق,No Arabic definition; No examples
omw-arb-01649124-v,Synset,"شنّ, أطْلق, بدأ",No Arabic definition; No examples
omw-arb-02376089-v,Synset,"شنّ, إستخدم عاملا, استأجر",No Arabic definition; No examples
omw-arb-01093172-v,Synset,"شنّ حرْبا, حارب, صارع",No Arabic definition; No examples
omw-arb-01093465-v,Synset,شنّ حرْبا,No Arabic definition; No examples
omw-arb-00862683-v,Synset,"شنّ هُجُوماً, أغار على, هاجم",No Arabic definition; No examples
omw-arb-09876454-n,Synset,"شقِيق, أخّ",No Arabic definition; No examples
omw-arb-10595164-n,Synset,"شقِيق, شقِيقة, أخ",No Arabic definition; No examples
omw-arb-10602985-n,Synset,"شقِيقة, أخْت",No Arabic definition; No examples
omw-arb-10084181-n,Synset,"شقِيقة, أخْت",No Arabic definition; No examples
omw-arb-09831962-n,Synset,"شقِيّ, شخْص سيّء, شِرِّير",No Arabic definition; No examples
omw-arb-07379409-n,Synset,شقْشقة,No Arabic definition; No examples
omw-arb-00387657-n,Synset,شقّ,No Arabic definition; No examples
omw-arb-04243370-n,Synset,"شقّ, شِقّ, فُتْحة",No Arabic definition; No examples
omw-arb-04241940-n,Synset,"شقّ, شِقّ, فُتْحة",No Arabic definition; No examples
omw-arb-01555742-v,Synset,"شقّ, حزّ, بضع",No Arabic definition; No examples
omw-arb-02726305-n,Synset,شقّة,No Arabic definition; No examples
omw-arb-07884567-n,Synset,"شراب, كُحُول, مُسْكِر",No Arabic definition; No examples
omw-arb-00843128-n,Synset,"شراب, شُرْب, إِحْتِساء",No Arabic definition; No examples
omw-arb-07881800-n,Synset,"شراب, شُرْب, مشْرُوب",No Arabic definition; No examples
omw-arb-07901587-n,Synset,"شراب كُحُولِي, مشْرُوب رُوحِي, خَمْر",No Arabic definition; No examples
omw-arb-07886572-n,Synset,شراب مُخمّر,No Arabic definition; No examples
omw-arb-07654438-n,Synset,شرائِح مُبرّدة,No Arabic definition; No examples
omw-arb-00348746-v,Synset,"شرع, اِبْتدأ, بادر",No Arabic definition; No examples
omw-arb-00345761-v,Synset,"شرع, بدأ, استهل",No Arabic definition; No examples
omw-arb-02439281-v,Synset,"شرع, بدأ, بدأ بِالتعامُل مع",No Arabic definition; No examples
omw-arb-02466670-v,Synset,"شرع, شرّع, اِسْتنّ",No Arabic definition; No examples
omw-arb-01650610-v,Synset,"شرع بِـ, اِسْتهلّ, باشر",No Arabic definition; No examples
omw-arb-01651293-v,Synset,"شرع فِي, أقْدم على, باشر",No Arabic definition; No examples
omw-arb-00939277-v,Synset,"شرح, أوْضح, فسر",No Arabic definition; No examples
omw-arb-02635033-v,Synset,"شرح, علّل, فسّر",No Arabic definition; No examples
omw-arb-00955601-v,Synset,"شرح, فسّر, أسهب",No Arabic definition; No examples
omw-arb-01001294-v,Synset,"شرح, بيّن, بسط",No Arabic definition; No examples
omw-arb-00939857-v,Synset,"شرح, أوْضح, بيّن",No Arabic definition; No examples
omw-arb-02075462-v,Synset,"شرد, فرّ, هرب",No Arabic definition; No examples
omw-arb-01881180-v,Synset,"شرد, طاف, هام",No Arabic definition; No examples
omw-arb-14432032-n,Synset,"شرف, عظمة, نبالة",No Arabic definition; No examples
omw-arb-14436875-n,Synset,"شرف, عِزّ, حسب",No Arabic definition; No examples
omw-arb-04814238-n,Synset,"شرف, ذكاء, أُبّهة",No Arabic definition; No examples
omw-arb-04474466-n,Synset,"شرك, مِصْيدة",No Arabic definition; No examples
omw-arb-05339047-n,Synset,شريان شُعبِي,No Arabic definition; No examples
omw-arb-05353819-n,Synset,شريان رِئوِي,No Arabic definition; No examples
omw-arb-01540844-v,Synset,"شرِب, اِمْتصّ, سحب",No Arabic definition; No examples
omw-arb-01170052-v,Synset,"شرِب, أنفق على الشراب, استوعب",No Arabic definition; No examples
omw-arb-01171183-v,Synset,"شرِب, اِحْتسى, سكر",No Arabic definition; No examples
omw-arb-01198101-v,Synset,"شرِب السٍّيجارة, دخّن, إنبعث الدخان",No Arabic definition; No examples
omw-arb-07654667-n,Synset,"شرِيحة, قِطْعة",No Arabic definition; No examples
omw-arb-09437241-n,Synset,شرِيحة,No Arabic definition; No examples
omw-arb-04339291-n,Synset,شرِيط,No Arabic definition; No examples
omw-arb-04391569-n,Synset,شرِيط,No Arabic definition; No examples
omw-arb-09449510-n,Synset,شرِيط,No Arabic definition; No examples
omw-arb-09452653-n,Synset,"شرِيط, حِزام, غيْط",No Arabic definition; No examples
omw-arb-03068181-n,Synset,"شرِيط الرقبة, قبّة الثوْب, يَاقَة",No Arabic definition; No examples
omw-arb-07948314-n,Synset,شرِيد,No Arabic definition; No examples
omw-arb-10640620-n,Synset,"شرِيك حياة, شرِيكة حياة, حلِيل",No Arabic definition; No examples
omw-arb-01195584-n,Synset,شرْعِية,No Arabic definition; No examples
omw-arb-04809453-n,Synset,شرْعِيّة,No Arabic definition; No examples
omw-arb-04783247-n,Synset,"شرْعِيّة, صِحّة, مشْرُوعِيّة",No Arabic definition; No examples
omw-arb-04809237-n,Synset,"شرْعِيّة, مشْرُوعِيّة",No Arabic definition; No examples
omw-arb-05793000-n,Synset,"شرْح, تعْلِيل, تفْسِير",No Arabic definition; No examples
omw-arb-05822746-n,Synset,"شرْط, اِعْتِبار, مُراعاة",No Arabic definition; No examples
omw-arb-05892427-n,Synset,"شرْط, ضرُورة, مطْلب",No Arabic definition; No examples
omw-arb-04717139-n,Synset,"شرْط, مُؤهِّل",No Arabic definition; No examples
omw-arb-13832355-n,Synset,"شرْق, جِهة الشّرْق",No Arabic definition; No examples
omw-arb-00823350-a,Synset,"شرْقِيّ, مشْرِقِي",No Arabic definition; No examples
omw-arb-00745637-n,Synset,"شرّ, إِسآءة, إِثْم",No Arabic definition; No examples
omw-arb-14563564-n,Synset,"شرّ, لُؤم, نذالة",No Arabic definition; No examples
omw-arb-00715868-v,Synset,"شرّع, حكم, أصدر حكما",No Arabic definition; No examples
omw-arb-00643473-v,Synset,"شرّح, حلّل, درس",No Arabic definition; No examples
omw-arb-00497705-v,Synset,"شرّب, أشْبع, أخْصب",No Arabic definition; No examples
omw-arb-01567275-v,Synset,"شتل, غرس, أجبر العظم",No Arabic definition; No examples
omw-arb-00865387-v,Synset,"شتم, جدّف, لعن",No Arabic definition; No examples
omw-arb-00866314-v,Synset,"شتم, دعا على, لعن",No Arabic definition; No examples
omw-arb-00848420-v,Synset,"شتم, أهان, حقّر",No Arabic definition; No examples
omw-arb-00865958-v,Synset,"شتم, جدف, لعن",No Arabic definition; No examples
omw-arb-00845299-v,Synset,"شتم, صاح فِي, سأل",No Arabic definition; No examples
omw-arb-06715223-n,Synset,"شتْم, ذمّ, إِساءة",No Arabic definition; No examples
omw-arb-07125096-n,Synset,"شتْم, سبّ, تدْنِيس",No Arabic definition; No examples
omw-arb-00320536-v,Synset,"شوى, خَبَزَ",No Arabic definition; No examples
omw-arb-02157731-v,Synset,"شوّش, أخْفى, ضبّ",No Arabic definition; No examples
omw-arb-00306900-n,Synset,"شوْط, مرْحلة",No Arabic definition; No examples
omw-arb-15256915-n,Synset,"شوْط, فتْرة اللعِب",No Arabic definition; No examples
omw-arb-07486628-n,Synset,"شوْق, اِشْتِياق",No Arabic definition; No examples
omw-arb-00326773-v,Synset,"شوْي, شوا",No Arabic definition; No examples
omw-arb-00295563-v,Synset,"شوّش, أفْسد",No Arabic definition; No examples
omw-arb-02527651-v,Synset,"شوّش, أفْسد, تلعْثم",No Arabic definition; No examples
omw-arb-00276373-v,Synset,"شوّش, أزْعج, عكّر",No Arabic definition; No examples
omw-arb-01770501-v,Synset,"شوّش, أقْلق, أرْبك",No Arabic definition; No examples
omw-arb-00520019-v,Synset,"شوّش, أقْلق, أرْبك",No Arabic definition; No examples
omw-arb-01790020-v,Synset,"شوّش, أقْلق, أرْبك",No Arabic definition; No examples
omw-arb-00477941-v,Synset,"شوّه, أفْسد, آذى",No Arabic definition; No examples
omw-arb-00090708-v,Synset,"شوّه, بتر, جدع",No Arabic definition; No examples
omw-arb-00090888-v,Synset,"شوّه, مسخ",No Arabic definition; No examples
omw-arb-00836705-v,Synset,"شوّه, أساء تمْثِيل, حرّف",No Arabic definition; No examples
omw-arb-00017031-v,Synset,"شخر, خرخر, غط",No Arabic definition; No examples
omw-arb-10200781-n,Synset,"شخْص هام, شخْصِيّة بارِزة, شَخْص هَام",No Arabic definition; No examples
omw-arb-00007846-n,Synset,"شخْص, شخْص ما, إِنْسان",No Arabic definition; No examples
omw-arb-10289039-n,Synset,"شخْص, إِنْسان, اِمْرُؤ",No Arabic definition; No examples
omw-arb-10203839-n,Synset,"شخْص, فرْد",No Arabic definition; No examples
omw-arb-10344443-n,Synset,"شخْص مشْهُور, شخْصِيّة, شخْصِيّة بارِزة",No Arabic definition; No examples
omw-arb-10595647-n,Synset,"شخْص مرِيض, مرِيض, مُصاب",No Arabic definition; No examples
omw-arb-09909060-n,Synset,"شخْص غرِيب الأطْوار, شخْص غيْر طبِيعِي",No Arabic definition; No examples
omw-arb-01615925-a,Synset,"شخْصِي, غيْر موْضُوعِي",No Arabic definition; No examples
omw-arb-04617562-n,Synset,شخْصِيّة,No Arabic definition; No examples
omw-arb-04620216-n,Synset,شخْصِيّة,No Arabic definition; No examples
omw-arb-04618781-n,Synset,"شخْصِيّة, ذات",No Arabic definition; No examples
omw-arb-04677716-n,Synset,"شخْصِيّة, شخْصِيّة مظْهرِيّة, صُورة",No Arabic definition; No examples
omw-arb-05929670-n,Synset,"شخْصِيّة رئِيسِيّة, بطل",No Arabic definition; No examples
omw-arb-04424418-n,Synset,شيء,No Arabic definition; No examples
omw-arb-00002452-n,Synset,شيء,No Arabic definition; No examples
omw-arb-07480356-n,Synset,شيء,No Arabic definition; No examples
omw-arb-00034479-n,Synset,شيء,No Arabic definition; No examples
omw-arb-04424218-n,Synset,شيء,No Arabic definition; No examples
omw-arb-03364340-n,Synset,شيء عائِم,No Arabic definition; No examples
omw-arb-05154517-n,Synset,"شيء نافِع, كسْب, نفْع",No Arabic definition; No examples
omw-arb-00021939-n,Synset,"شيْء مصْنُوع, اِصْطِناعِي, صُنْع",No Arabic definition; No examples
omw-arb-00002684-n,Synset,"شيْء, جِسْم, جِسْم فِيزْيائِي",No Arabic definition; No examples
omw-arb-14580897-n,Synset,"شيْء, مادّة",No Arabic definition; No examples
omw-arb-00019128-n,Synset,"شيْء طبِيْعِي, جِسْم طبِيْعِي",No Arabic definition; No examples
omw-arb-03285912-n,Synset,"شيْء مُسيّج, شيْء مُطوّق, تطْوِيق",No Arabic definition; No examples
omw-arb-04753455-n,Synset,"شيْء مُؤكّد, أمْر لا ريْب فِيه, حقِيقة",No Arabic definition; No examples
omw-arb-04783445-n,Synset,شيْء حقِيقِي,No Arabic definition; No examples
omw-arb-06723908-n,Synset,شيْ,No Arabic definition; No examples
omw-arb-07289831-n,Synset,شيْ,No Arabic definition; No examples
omw-arb-10375506-n,Synset,"شيْخ, كبِير سِنّ, مُسِنّ",No Arabic definition; No examples
omw-arb-10162991-n,Synset,"شيْخ, عرِيْف, رئِيْس",No Arabic definition; No examples
omw-arb-10578471-n,Synset,"شيْخ, عضو بمجلس الشيوخ, سناتور",No Arabic definition; No examples
omw-arb-15153787-n,Synset,"شيْخُوخة, هرم, كِبر",No Arabic definition; No examples
omw-arb-09034286-n,Synset,"شهباء, حلب",No Arabic definition; No examples
omw-arb-15211189-n,Synset,"شهر الطير- في ليبيا, أبْرِيل, نيْسان",No Arabic definition; No examples
omw-arb-15210870-n,Synset,"شهر المرِّيخ - في ليبيا, مارِس, شهر المَرِّيخ - في ليبيا",No Arabic definition; No examples
omw-arb-15211806-n,Synset,"شهر الصيْف - في ليبيا, حُزيْران, يُونيو",No Arabic definition; No examples
omw-arb-15210486-n,Synset,"شهر الطير - في ليبيا, شُباط, فِبْراير",No Arabic definition; No examples
omw-arb-03185562-n,Synset,شِعار,No Arabic definition; No examples
omw-arb-06806469-n,Synset,شِعار,No Arabic definition; No examples
omw-arb-05765415-n,Synset,"شِعار, رمْز",No Arabic definition; No examples
omw-arb-07187996-n,Synset,"شِحادة, اِسْتِجْداء, تسوُّل",No Arabic definition; No examples
omw-arb-13772468-n,Synset,"شِحْنة, حِمْل, حُمُوْلة",No Arabic definition; No examples
omw-arb-08760856-n,Synset,"شِبْه جزِيرة إسْكانْدِنافيا, إسْكانْدِنافْيا, سكانْدِينافْيا",No Arabic definition; No examples
omw-arb-13984285-n,Synset,"شِبْه ظُلْمة, ظلام جُزْئِي",No Arabic definition; No examples
omw-arb-01322343-n,Synset,"شِبْل, جرْو",No Arabic definition; No examples
omw-arb-05035353-n,Synset,"شِدّة, حوْل, مقْدِرة",No Arabic definition; No examples
omw-arb-05036394-n,Synset,"شِدّة, كثافة, قُوّة",No Arabic definition; No examples
omw-arb-00965404-n,Synset,"شِدّة, عنْوة, عُنْف",No Arabic definition; No examples
omw-arb-13936939-n,Synset,"شِدّة, أزْمة, ضِيْق",No Arabic definition; No examples
omw-arb-14450540-n,Synset,"شِدّة, ضائِقة, ضنك",No Arabic definition; No examples
omw-arb-09353918-n,Synset,"شِهاب, نيْزك, وَابِل نِيْزَكِي",No Arabic definition; No examples
omw-arb-01170962-n,Synset,"شِجار, عِراك, معْركة",No Arabic definition; No examples
omw-arb-07184391-n,Synset,"شِجار, خِصَام",No Arabic definition; No examples
omw-arb-14621446-n,Synset,"شِقّ, مجْمُوعة, مجْمُوعة كِيميائِيّة",No Arabic definition; No examples
omw-arb-00079018-n,Synset,"شِراء, صفْقة",No Arabic definition; No examples
omw-arb-00081572-n,Synset,شِراء,No Arabic definition; No examples
omw-arb-04127904-n,Synset,شِراع,No Arabic definition; No examples
omw-arb-05333777-n,Synset,شِرْيان,No Arabic definition; No examples
omw-arb-15237782-n,Synset,"شِتاء, فصْل الشِتاء",No Arabic definition; No examples
omw-arb-08720481-n,Synset,"شِيلِي, جُمْهُورِيّة تشِيلِي, تشِيلِي",No Arabic definition; No examples
omw-arb-08912279-n,Synset,شِيراز,No Arabic definition; No examples
omw-arb-09496261-n,Synset,شجاع,No Arabic definition; No examples
omw-arb-12334891-n,Synset,"شجرة الكينا, أُكالِبْتوس, يُوكاليبتوس",No Arabic definition; No examples
omw-arb-08774912-n,Synset,شتُوتغارت,No Arabic definition; No examples
omw-arb-14501726-n,Synset,"شُذُوذ, إِنْحِراف, إِخْتِلاف",No Arabic definition; No examples
omw-arb-02836626-a,Synset,"شُعاعِيّ, إِشْعاعِيّ",No Arabic definition; No examples
omw-arb-05531666-n,Synset,شُعيْبة,No Arabic definition; No examples
omw-arb-07700868-n,Synset,شُعيْريّة,No Arabic definition; No examples
omw-arb-08221348-n,Synset,شُعْبة,No Arabic definition; No examples
omw-arb-08220891-n,Synset,"شُعْبة, فِئة, قِسْم",No Arabic definition; No examples
omw-arb-01940488-n,Synset,"شُعْبة الرِّخْوِيّات, الرِّخْوِيّات",No Arabic definition; No examples
omw-arb-00026192-n,Synset,"شُعُوْر, إِحْساس, عاطِفة",No Arabic definition; No examples
omw-arb-07479926-n,Synset,شُعُور,No Arabic definition; No examples
omw-arb-05651971-n,Synset,"شُعُور, إحْساس, حاسّة",No Arabic definition; No examples
omw-arb-03008275-n,Synset,"شُحْنة, حشْوة",No Arabic definition; No examples
omw-arb-04700496-n,Synset,شُحُوب,No Arabic definition; No examples
omw-arb-04587648-n,Synset,"شُبّاك, نافِذة",No Arabic definition; No examples
omw-arb-04588365-n,Synset,"شُبّاك, نافِذة",No Arabic definition; No examples
omw-arb-00419950-v,Synset,"شُدّ, ضاق, تحمل",No Arabic definition; No examples
omw-arb-00092690-v,Synset,"شُفِي, اِسْتعاد عافِيته, تشافى",No Arabic definition; No examples
omw-arb-00270561-v,Synset,"شُفِي, اِلْتئم, ندِب",No Arabic definition; No examples
omw-arb-00584367-n,Synset,"شُغْل, عمل, وَظِيفَة",No Arabic definition; No examples
omw-arb-00575741-n,Synset,"شُغْل, عمل",No Arabic definition; No examples
omw-arb-00719705-n,Synset,"شُغْل, عمل, مهمّة",No Arabic definition; No examples
omw-arb-00795720-n,Synset,"شُغْل, عمل, مشْرُوع",No Arabic definition; No examples
omw-arb-00582388-n,Synset,"شُغْل, عمل, حِرْفة",No Arabic definition; No examples
omw-arb-03816849-n,Synset,"شُغْل الإِبْرة, تطْرِيز",No Arabic definition; No examples
omw-arb-05983801-n,Synset,"شُغُل شاغِل, شُغُل",No Arabic definition; No examples
omw-arb-14437386-n,Synset,"شُهْرة, اِشْتِهار, صِيت",No Arabic definition; No examples
omw-arb-14438125-n,Synset,"شُهْرة, صِيت, سُمْعة",No Arabic definition; No examples
omw-arb-13112664-n,Synset,شُجيْرة,No Arabic definition; No examples
omw-arb-07228971-n,Synset,شُكْر,No Arabic definition; No examples
omw-arb-05698982-n,Synset,"شُكُوكِيّة, إِلْحاد, إِنْكار",No Arabic definition; No examples
omw-arb-00373130-n,Synset,"شُمُول, شُمُولِيّة, اِشْتِمال",No Arabic definition; No examples
omw-arb-08209687-n,Synset,"شُرْطة, بُولِيس, قُوّات الشُرْطة",No Arabic definition; No examples
omw-arb-10448983-n,Synset,"شُرْطِي, بُولِيس, دركِيّ",No Arabic definition; No examples
omw-arb-02777734-n,Synset,"شُرْفة, بلكُون",No Arabic definition; No examples
omw-arb-05700625-n,Synset,"شُرُود, شُرُود الذِّهْن, ذُهُول",No Arabic definition; No examples
omw-arb-07601999-n,Synset,شُوكُولاتة,No Arabic definition; No examples
omw-arb-07602279-n,Synset,شُوكُولاتة طبْخ,No Arabic definition; No examples
omw-arb-09945319-n,Synset,"شُيُوعِيّ, الشُّيُوعِيّ",No Arabic definition; No examples
omw-arb-06214744-n,Synset,شُيُوعِيّة,No Arabic definition; No examples
omw-arb-08365855-n,Synset,"شُيُوعِيّة, الشِيُوعِيّة",No Arabic definition; No examples
omw-arb-04617289-n,Synset,شيء,No Arabic definition; No examples
omw-arb-09543353-n,Synset,"شيطان, إبليس, ابليس",No Arabic definition; No examples
omw-arb-09083390-n,Synset,شيكاغو,No Arabic definition; No examples
omw-arb-00975902-v,Synset,"ذاع, أعْلن, نشر",No Arabic definition; No examples
omw-arb-00443984-v,Synset,"ذاب, ماع, سال",No Arabic definition; No examples
omw-arb-00446329-v,Synset,"ذاب, اِنْحلّ",No Arabic definition; No examples
omw-arb-05651399-n,Synset,"ذاكِرة, تذكُّر",No Arabic definition; No examples
omw-arb-05760202-n,Synset,"ذاكِرة, تذكُّر",No Arabic definition; No examples
omw-arb-05762149-n,Synset,"ذاكِرة, فِكْر",No Arabic definition; No examples
omw-arb-05935060-n,Synset,ذاكِرة,No Arabic definition; No examples
omw-arb-02194286-v,Synset,"ذاق, تذوُّق, تذوق",No Arabic definition; No examples
omw-arb-02191546-v,Synset,"ذاق, تذوّق, تذوق",No Arabic definition; No examples
omw-arb-05675601-n,Synset,"ذات, أنا, نفْس",No Arabic definition; No examples
omw-arb-02068476-a,Synset,"ذاته, عيْنه, نفْسه",No Arabic definition; No examples
omw-arb-02703289-v,Synset,"ذعن, لان, رقّ",No Arabic definition; No examples
omw-arb-00479176-v,Synset,ذبح,No Arabic definition; No examples
omw-arb-02482425-v,Synset,"ذبح, ذبّح, قتل",No Arabic definition; No examples
omw-arb-01322854-v,Synset,"ذبح, نحر, ذبح الحيوانات",No Arabic definition; No examples
omw-arb-00241689-v,Synset,"ذبل, إِنْكمش, اخشوشن",No Arabic definition; No examples
omw-arb-00076193-r,Synset,"ذهاباً و إِياباً, إِقْبالاً و إِدْباراً, جِيْئةً و  ذهاباً",No Arabic definition; No examples
omw-arb-14638799-n,Synset,"ذهب, العُنْصُر التاسِع والسبْعُون",No Arabic definition; No examples
omw-arb-01192992-v,Synset,"ذهب, مشى, مضى",No Arabic definition; No examples
omw-arb-01935233-v,Synset,"ذهب, مضى, رحل",No Arabic definition; No examples
omw-arb-02008396-v,Synset,"ذهب, اِنْصرف, فارق",No Arabic definition; No examples
omw-arb-02014165-v,Synset,"ذهب, إِنْطلق, اِنْصرف",No Arabic definition; No examples
omw-arb-02015598-v,Synset,"ذهب, غادر, نزح",No Arabic definition; No examples
omw-arb-02653862-v,Synset,"ذهب, أُعْطِي, مُنِح",No Arabic definition; No examples
omw-arb-05617606-n,Synset,ذكاء,No Arabic definition; No examples
omw-arb-05618056-n,Synset,"ذكاء, دِماغ, قُدْرة ذِهْنِيّة",No Arabic definition; No examples
omw-arb-10287213-n,Synset,"ذكر, رجُل",No Arabic definition; No examples
omw-arb-01321230-n,Synset,ذكر,No Arabic definition; No examples
omw-arb-09624168-n,Synset,ذكر,No Arabic definition; No examples
omw-arb-00607780-v,Synset,"ذكر, أعاد, ااِسْتدْعى",No Arabic definition; No examples
omw-arb-01024190-v,Synset,"ذكر, إِسْتشْهد بِـ, إِسْتدْعى",No Arabic definition; No examples
omw-arb-01476685-a,Synset,"ذكرِي, مُذّكّر",No Arabic definition; No examples
omw-arb-00610538-v,Synset,ذكّر,No Arabic definition; No examples
omw-arb-00877848-v,Synset,"ذكّر, لقّن",No Arabic definition; No examples
omw-arb-02063771-v,Synset,"ذلّ, تذلّل, تملّق",No Arabic definition; No examples
omw-arb-00770270-n,Synset,"ذنْب, اِنْتِهاك, جُرْم",No Arabic definition; No examples
omw-arb-13990675-n,Synset,"ذنْب, اِثْم, جُرْم",No Arabic definition; No examples
omw-arb-05599617-n,Synset,ذقْن,No Arabic definition; No examples
omw-arb-06759776-n,Synset,"ذرِيعة, حُجّة, مٌبرِّر",No Arabic definition; No examples
omw-arb-06759349-n,Synset,"ذرِيعة, إدِّعاء, تظاهُر",No Arabic definition; No examples
omw-arb-01376245-v,Synset,"ذرّ, بثّ, نثر",No Arabic definition; No examples
omw-arb-02082690-v,Synset,"ذرّ, بعْثر, بسط",No Arabic definition; No examples
omw-arb-14619225-n,Synset,ذرّة,No Arabic definition; No examples
omw-arb-14585519-n,Synset,"ذرّة, هباءة, جُسيْم",No Arabic definition; No examples
omw-arb-14640756-n,Synset,ذرّة هيْدرُوجِين,No Arabic definition; No examples
omw-arb-00610532-a,Synset,"ذرِّي, نووِي",No Arabic definition; No examples
omw-arb-02884619-a,Synset,ذرِّيّ,No Arabic definition; No examples
omw-arb-02862444-a,Synset,"ذرِّيّ, نووِيّ",No Arabic definition; No examples
omw-arb-01471070-n,Synset,"ذوات العمُود الفقرِي, فقارِيّات, قِحْفِيّات",No Arabic definition; No examples
omw-arb-02370525-n,Synset,ذوات الحافِر,No Arabic definition; No examples
omw-arb-11551211-n,Synset,"ذوات البُذُور, بِذْرِيّات, نباتات بِذْرِيّة",No Arabic definition; No examples
omw-arb-02370806-n,Synset,"ذوات الحوافِر, ذُو حوافِر, حيوان مِن ذوات الحوافٍر",No Arabic definition; No examples
omw-arb-13566535-n,Synset,"ذوبان, إذابة, إسالة",No Arabic definition; No examples
omw-arb-05658226-n,Synset,"ذوْق, طعْم",No Arabic definition; No examples
omw-arb-00882702-n,Synset,"ذوْق, تذوُّق",No Arabic definition; No examples
omw-arb-05715283-n,Synset,"ذوْق, حاسّة الذّوْق, تذوُّق",No Arabic definition; No examples
omw-arb-05749619-n,Synset,"ذوْق, إِدْراك, حصافة",No Arabic definition; No examples
omw-arb-02868916-a,Synset,ذوْقِي,No Arabic definition; No examples
omw-arb-00376106-v,Synset,"ذوّب, أذاب, سال",No Arabic definition; No examples
omw-arb-00447309-v,Synset,"ذوّب, أذاب, حلّ",No Arabic definition; No examples
omw-arb-00446514-v,Synset,"ذوّب, أذاب",No Arabic definition; No examples
omw-arb-02703275-n,Synset,"ذخِيرة, عتاد حرْبِي",No Arabic definition; No examples
omw-arb-13358549-n,Synset,"ذخِيرة, مُذّخرات, وَدِيعَة",No Arabic definition; No examples
omw-arb-02157557-n,Synset,ذيْل,No Arabic definition; No examples
omw-arb-05826914-n,Synset,"ذيْل, أثر, دلِيل",No Arabic definition; No examples
omw-arb-02158846-n,Synset,ذيْل,No Arabic definition; No examples
omw-arb-01328705-v,Synset,"ذيّل, أضاف, ألْحق",No Arabic definition; No examples
omw-arb-00042757-n,Synset,"ذِهاب, مُغادرة, رحِيل",No Arabic definition; No examples
omw-arb-02898750-a,Synset,"ذِهْنِيّ, عقْلِيّ",No Arabic definition; No examples
omw-arb-13396054-n,Synset,"ذِمّة, ديْن, مغْرم",No Arabic definition; No examples
omw-arb-05563770-n,Synset,"ذِراع, عضُد, ساعِد",No Arabic definition; No examples
omw-arb-02190166-n,Synset,ذُبابة,No Arabic definition; No examples
omw-arb-14398067-n,Synset,"ذُهان, اِخْتِلال عقْلِيّ",No Arabic definition; No examples
omw-arb-07510495-n,Synset,ذُهُول,No Arabic definition; No examples
omw-arb-05008227-n,Synset,"ذُكُورة, رُجُولة",No Arabic definition; No examples
omw-arb-14440137-n,Synset,"ذُلّ, عار, صغاْر",No Arabic definition; No examples
omw-arb-08663860-n,Synset,"ذُرْوة, قِمّة, رأْس",No Arabic definition; No examples
omw-arb-13940456-n,Synset,"ذُرْوة, أوْج, قِمّة",No Arabic definition; No examples
omw-arb-10373998-n,Synset,"ذُرْيّة, نسْل, خَلَف",No Arabic definition; No examples
omw-arb-13813765-n,Synset,ذُرّيّة,No Arabic definition; No examples
omw-arb-08101937-n,Synset,"ذُرّيّة, نسْل, سُلالة",No Arabic definition; No examples
omw-arb-04922787-n,Synset,"ذُرِّيّة, نسْل, سلف",No Arabic definition; No examples
omw-arb-02394477-n,Synset,"ذُو حوافِر مُزْدوِج الأصابِع, ذُو حوافِر مِن مُزْدوِجات الأصابِع",No Arabic definition; No examples
omw-arb-03048558-a,Synset,"ذُو حدّيْن, ثُنَائِيَ التَسْمِيَة",No Arabic definition; No examples
omw-arb-02532508-a,Synset,"ذُو دمّ حار, ثابِث الحرارة",No Arabic definition; No examples
omw-arb-02695966-a,Synset,"ذو حبْل ظهْرِي, حبْلِي, حبْلِيّات",No Arabic definition; No examples
omw-arb-13743269-n,Synset,"2, إِثْنان",No Arabic definition; No examples
omw-arb-13754008-n,Synset,"3.14159265358979323846..., بي",No Arabic definition; No examples
omw-arb-06797169-n,Synset,"إشارة, علامة, دلالة",No Arabic definition; No examples
omw-arb-09027089-n,Synset,"إشبيلي, اشبيلي",No Arabic definition; No examples
omw-arb-01253060-n,Synset,"إشْعاع, إنْبِثاق, اِصْدار",No Arabic definition; No examples
omw-arb-07537973-n,Synset,"إضْعاف, تئْبِيط, تئْبِيط هِمّة",No Arabic definition; No examples
omw-arb-00272713-n,Synset,"إضْعاف, إضْعاف المعْنوِيّات, تثْبِيط",No Arabic definition; No examples
omw-arb-00268557-n,Synset,"إعادة تأهِيل, اِصْلاح, تجْدِيد",No Arabic definition; No examples
omw-arb-00897811-n,Synset,"إعادة نظر, مُراجعة, تنْقِيح",No Arabic definition; No examples
omw-arb-06793426-n,Synset,"إعْلان, مُلْصق, مُلْصقة",No Arabic definition; No examples
omw-arb-05772356-n,Synset,"إعْمال الفِكْر, إسْتِنْتاج, تفْكِير",No Arabic definition; No examples
omw-arb-02447793-v,Synset,"إعْتمد, أجاز, أقّرّ",No Arabic definition; No examples
omw-arb-00116376-n,Synset,"إٍعْلاء, رفْع, تعْلٍية",No Arabic definition; No examples
omw-arb-00095502-n,Synset,"إٍعْتاق, إِطْلاق, تحْرِير",No Arabic definition; No examples
omw-arb-00419876-r,Synset,"إٍدْراكِياً, حِسِّي, بِشكْلٍ إدْراكِيّ",No Arabic definition; No examples
omw-arb-00088725-n,Synset,"إٍلْقاء القبْض على, إِعْتِقال, إِيْقاف",No Arabic definition; No examples
omw-arb-01888511-v,Synset,"إٍرْتعد, إِهْتزّ, إِرْتجف",No Arabic definition; No examples
omw-arb-04861486-n,Synset,"إصْرار, عزْم, تصْمِيم",No Arabic definition; No examples
omw-arb-05637558-n,Synset,"إجادة, إِنْجاز, إِتْقان",No Arabic definition; No examples
omw-arb-07502387-n,Synset,"إبْعاد, جفاء, جفْوة",No Arabic definition; No examples
omw-arb-05713524-n,Synset,"إبْصار, حاسّة البصر, بصر",No Arabic definition; No examples
omw-arb-05046659-n,Synset,"إبْكار, تبْكِير",No Arabic definition; No examples
omw-arb-10628222-n,Synset,"إبْن الجنُوب, الجنُوبِي",No Arabic definition; No examples
omw-arb-00859153-v,Synset,"إبْتهج, فرِح",No Arabic definition; No examples
omw-arb-08145553-n,Synset,"إدارة البرِيد المحلِّية, مكْتب البرِيد",No Arabic definition; No examples
omw-arb-15152817-n,Synset,"إدْراك, بُلُوغ, نُضْج",No Arabic definition; No examples
omw-arb-06722453-n,Synset,"إفادة, بيان, قوْل",No Arabic definition; No examples
omw-arb-00927049-v,Synset,"إفْترض, خَمَّنَ",No Arabic definition; No examples
omw-arb-09637013-n,Synset,"إفريقي, افريقي",No Arabic definition; No examples
omw-arb-01225783-n,Synset,"إهانة, اِسْتِخْفاف",No Arabic definition; No examples
omw-arb-05706954-n,Synset,"إهْمال, إِغْفال, إِسْقاط",No Arabic definition; No examples
omw-arb-06876144-n,Synset,"إِشارة, إِيْماءة",No Arabic definition; No examples
omw-arb-01264050-n,Synset,"إِشارة, اِسْتِشارة",No Arabic definition; No examples
omw-arb-01252918-n,Synset,إِشْعاع,No Arabic definition; No examples
omw-arb-11450869-n,Synset,"إِشْعاع كهْرطِيسِي, إِشْعاع كهْربِي مِغْناطيسِي, إِشْعاع كهْرمِغْنطِيسِيّ",No Arabic definition; No examples
omw-arb-02953847-a,Synset,إِشْعاعِيّ,No Arabic definition; No examples
omw-arb-06252138-n,Synset,"إِشْعار, اِتّصال, مُخابرة",No Arabic definition; No examples
omw-arb-04714440-n,Synset,"إِشْمِئْزاز, اِخْتِلاف, عدم التّوافُقِيّة",No Arabic definition; No examples
omw-arb-04701460-n,Synset,"إِشْراق, صفاء, جلاء",No Arabic definition; No examples
omw-arb-04952242-n,Synset,"إِشْراق, سُطُوع",No Arabic definition; No examples
omw-arb-05018103-n,Synset,"إِشْراق, لمعان, سُطُوع",No Arabic definition; No examples
omw-arb-01085793-n,Synset,"إِشْتِراك, اِقْتِسام, مُشاركة",No Arabic definition; No examples
omw-arb-01139194-n,Synset,"إِذْن, إِجازة, رُخْصة",No Arabic definition; No examples
omw-arb-15139432-n,Synset,"إِذْن, إِذْن بِالغِياب, إِجازة",No Arabic definition; No examples
omw-arb-15139130-n,Synset,"إِذْن, إِجازة, اِنْصِراف",No Arabic definition; No examples
omw-arb-13983147-n,Synset,إِضاءة,No Arabic definition; No examples
omw-arb-04951373-n,Synset,"إِضاءة, ضوْء",No Arabic definition; No examples
omw-arb-02679415-n,Synset,إِضافة,No Arabic definition; No examples
omw-arb-00872107-n,Synset,"إِضافة, جمْع, زِيَادَة",No Arabic definition; No examples
omw-arb-05108947-n,Synset,"إِضافة, زِيَادَة",No Arabic definition; No examples
omw-arb-00045907-n,Synset,"إِعادة, إِسْتِرْجاع, اِسْتِرْداد",No Arabic definition; No examples
omw-arb-01018630-n,Synset,"إِعادة, إِرجاع, تِكْرار",No Arabic definition; No examples
omw-arb-00089351-n,Synset,"إِعادة, إِرْجاع, اِسْتِعادة",No Arabic definition; No examples
omw-arb-07342049-n,Synset,"إِعادة, تكْرار",No Arabic definition; No examples
omw-arb-00346296-n,Synset,"إِعادة توْجِيه, تغْيير إِتِّجاه",No Arabic definition; No examples
omw-arb-00079212-n,Synset,"إِعادة شِراء, اِسْتِرْداد",No Arabic definition; No examples
omw-arb-00879271-n,Synset,"إِعادة نظر, فحْص, مراجعة",No Arabic definition; No examples
omw-arb-00087423-n,Synset,"إِعانة, إِعانة مالِيّة, إِعانة حُكُومِيّة",No Arabic definition; No examples
omw-arb-01066163-n,Synset,"إِعاقة, تأخِير",No Arabic definition; No examples
omw-arb-03520811-n,Synset,"إِعاقة, عرْقلة, عائِق",No Arabic definition; No examples
omw-arb-03103815-a,Synset,"إِعلانِي, دِعائِي, ترْوِيْجِي",No Arabic definition; No examples
omw-arb-00090779-n,Synset,"إِعْطاء, إِهْداء, منْح",No Arabic definition; No examples
omw-arb-01086081-n,Synset,"إِعْطاء, عطِيّة, هدِيّة",No Arabic definition; No examples
omw-arb-00243918-n,Synset,"إِعْداد, طبْخ, طهْي",No Arabic definition; No examples
omw-arb-00893955-n,Synset,"إِعْداد, تأهِيل, تدْرِيب",No Arabic definition; No examples
omw-arb-05731779-n,Synset,"إِعْداد, تشْكِيل, تشْكِيلة",No Arabic definition; No examples
omw-arb-14031108-n,Synset,"إِعْداد, جاهِزِيّة, تأهُّب",No Arabic definition; No examples
omw-arb-00216174-n,Synset,"إِعْفاء, عتْق, عزْل",No Arabic definition; No examples
omw-arb-00373544-n,Synset,"إِعْلاء, إِجْلال, تعْظِيم",No Arabic definition; No examples
omw-arb-00033020-n,Synset,"إِعْلام, إِبْلاغ, معْلُومات مُبلّغة",No Arabic definition; No examples
omw-arb-00693780-v,Synset,"إِعْتبر, اِفْترض, رأى",No Arabic definition; No examples
omw-arb-00689344-v,Synset,"إِعْتبر, اِعْتقد, ظنّ",No Arabic definition; No examples
omw-arb-02130300-v,Synset,"إِعْتبر, درس, فحص",No Arabic definition; No examples
omw-arb-00688377-v,Synset,"إِعْتمد, أقْسم, اِتّكل",No Arabic definition; No examples
omw-arb-02664234-v,Synset,"إِعْتمد على, توقّف على",No Arabic definition; No examples
omw-arb-00631737-v,Synset,"إِعْتقد, اِفْترض, حسِب",No Arabic definition; No examples
omw-arb-01068380-v,Synset,"إِعْترض, أنْكر, نفى",No Arabic definition; No examples
omw-arb-00818553-v,Synset,"إِعْترف, أقرّ, أعلن",No Arabic definition; No examples
omw-arb-00818805-v,Synset,"إِعْترف, أقرّ, أقر",No Arabic definition; No examples
omw-arb-00773814-n,Synset,"إِعْتِداء, هُجُوم, مُحاولة اِعْتِداء",No Arabic definition; No examples
omw-arb-05941423-n,Synset,إِعْتِقاد,No Arabic definition; No examples
omw-arb-05726093-n,Synset,"إِعْتِقاد, إِيمان, تصْدِيق",No Arabic definition; No examples
omw-arb-13999663-n,Synset,"إِعْتِقال, اِحْتِجاز, حجْز",No Arabic definition; No examples
omw-arb-06018465-n,Synset,إِحْصاء,No Arabic definition; No examples
omw-arb-00231567-n,Synset,"إِحْباط, إِبْطال, إِسْقاط",No Arabic definition; No examples
omw-arb-00042311-n,Synset,"إِحْداث, تسبُّب, تسْبِيب",No Arabic definition; No examples
omw-arb-05633385-n,Synset,"إِحْداث, إِخْتِراع, اِبْتِكار",No Arabic definition; No examples
omw-arb-00041899-n,Synset,"إِحْراز, أخْذ, اِكْتِساب",No Arabic definition; No examples
omw-arb-00062806-n,Synset,"إِحْراز, حُصُول على, نيْل",No Arabic definition; No examples
omw-arb-05721500-n,Synset,إِحْساس,No Arabic definition; No examples
omw-arb-00876874-n,Synset,"إِحْساس, إِدْراك, حِسّ",No Arabic definition; No examples
omw-arb-05708432-n,Synset,"إِحْساس, إِدْراك",No Arabic definition; No examples
omw-arb-05653848-n,Synset,إِحْساس خارِجِي,No Arabic definition; No examples
omw-arb-05654052-n,Synset,إِحْساس داخِلِي,No Arabic definition; No examples
omw-arb-05659856-n,Synset,إِحْساس بِالجسد,No Arabic definition; No examples
omw-arb-05725378-n,Synset,إِحْساس بِالحرارة أو البُرُودة,No Arabic definition; No examples
omw-arb-05721180-n,Synset,إِحْساس بِالجسد,No Arabic definition; No examples
omw-arb-02283324-v,Synset,"إِحْتفظ, أبْقى",No Arabic definition; No examples
omw-arb-02302220-v,Synset,"إِحْتفظ, إِسْتبْقى, بقِي",No Arabic definition; No examples
omw-arb-02213690-v,Synset,"إِحْتفظ بـِ, اِسْتمْسك بـِ, تمسّك بـِ",No Arabic definition; No examples
omw-arb-00857923-v,Synset,"إِحْتفل, إِبْتهج, إِغْتبط",No Arabic definition; No examples
omw-arb-00810598-n,Synset,"إِحْتِفاظ, حِفْظ",No Arabic definition; No examples
omw-arb-00428000-n,Synset,"إِحْتِفال, عِِيْد",No Arabic definition; No examples
omw-arb-00516086-n,Synset,"إِحْتِفال, عِيْد, حفْل",No Arabic definition; No examples
omw-arb-05792010-n,Synset,"إِحْتِمال, إِمْكان, إِمْكانِيّة",No Arabic definition; No examples
omw-arb-00125629-n,Synset,"إِصابة, ضرْب, دقّ",No Arabic definition; No examples
omw-arb-00744758-n,Synset,"إِصابة, بلاء, مُصِيْبة",No Arabic definition; No examples
omw-arb-14285662-n,Synset,"إِصابة, أذى, ضرر",No Arabic definition; No examples
omw-arb-14174549-n,Synset,"إِصابة, عدْوى, مرض مُعْد",No Arabic definition; No examples
omw-arb-00187144-n,Synset,"إِصابة فِي قلْبِ الهدف, إِصابة فِي وسطِ الهدف",No Arabic definition; No examples
omw-arb-00260622-n,Synset,إِصْلاح,No Arabic definition; No examples
omw-arb-00266806-n,Synset,"إِصْلاح, تصْلِيْح",No Arabic definition; No examples
omw-arb-01018366-n,Synset,"إِطالة, إِدامة, تطْويل",No Arabic definition; No examples
omw-arb-14514039-n,Synset,"إِطار, حقْل, مجال",No Arabic definition; No examples
omw-arb-14513259-n,Synset,"إِطار, مجال, نِطاق",No Arabic definition; No examples
omw-arb-14524849-n,Synset,"إِطار, جوّ",No Arabic definition; No examples
omw-arb-03391770-n,Synset,"إِطار, هيْكل",No Arabic definition; No examples
omw-arb-03533972-n,Synset,"إِطار, حلقة, حلْقة",No Arabic definition; No examples
omw-arb-10091651-n,Synset,إِطْفائِيّ,No Arabic definition; No examples
omw-arb-13993842-n,Synset,"إِطْلاق العِنان, تحرُّر, إِطْلاق العِنَان",No Arabic definition; No examples
omw-arb-00122661-n,Synset,"إِطْلاق, إِطْلاق النّار, إِقْتِناص",No Arabic definition; No examples
omw-arb-00986938-n,Synset,"إِطْلاق, إِطْلاق النّار, نار",No Arabic definition; No examples
omw-arb-00521562-n,Synset,"إِظْهار, عرْض, تقْدِيم",No Arabic definition; No examples
omw-arb-06542047-n,Synset,"إِبْعاد, حظْر, منْع",No Arabic definition; No examples
omw-arb-00395333-n,Synset,"إِبْعاد, إِزالة, اِسْتِبْعاد",No Arabic definition; No examples
omw-arb-00057657-n,Synset,إِبْحار,No Arabic definition; No examples
omw-arb-00232386-n,Synset,"إِبْطال, إِلْغاء, إِسْقاط",No Arabic definition; No examples
omw-arb-01185981-n,Synset,"إِبْطال, إِلْغاء, إِسْقاط",No Arabic definition; No examples
omw-arb-00232863-n,Synset,"إِبْطال, إِلْغاء, فسْخ",No Arabic definition; No examples
omw-arb-01238058-n,Synset,"إِبْطال المرْكزِيّة, لا مرْكزِيّة",No Arabic definition; No examples
omw-arb-00908492-n,Synset,"إِبْداع, اِبْتِكار, نشاط إِبْداعِي",No Arabic definition; No examples
omw-arb-00929586-n,Synset,"إِبْداع كلامِي, إِبْداع لفْظِي",No Arabic definition; No examples
omw-arb-07443761-n,Synset,"إِبْدال, اِسْتِبْدال, نقْل",No Arabic definition; No examples
omw-arb-09918248-n,Synset,"إِبْن, نجْل",No Arabic definition; No examples
omw-arb-10624074-n,Synset,"إِبْن, وَلَد",No Arabic definition; No examples
omw-arb-10285313-n,Synset,"إِبْن, صبِيّ, فتى",No Arabic definition; No examples
omw-arb-10084043-n,Synset,إِبْنة,No Arabic definition; No examples
omw-arb-10807487-n,Synset,"إِبْراهِيم, سيُّدنا إِبْراهِيم",No Arabic definition; No examples
omw-arb-03816136-n,Synset,إِبْرة,No Arabic definition; No examples
omw-arb-01728840-v,Synset,"إِبْتده, إِرْتجل",No Arabic definition; No examples
omw-arb-01813884-v,Synset,"إِبْتهج, إِغْتبط, اِنْبسط",No Arabic definition; No examples
omw-arb-00941037-v,Synset,"إِبْتلع, ابتلع, استوعب",No Arabic definition; No examples
omw-arb-00838098-n,Synset,"إِبْتلاع, اِزْدِراد, بلْع",No Arabic definition; No examples
omw-arb-01135952-n,Synset,"إِدارة, تصرُّف, تسْيِير",No Arabic definition; No examples
omw-arb-01133281-n,Synset,"إِدارة, سِياسة, تدْبِير",No Arabic definition; No examples
omw-arb-15266265-n,Synset,"إِدارة, فتْرة رِئاسِيّة, رِئاسة",No Arabic definition; No examples
omw-arb-01136985-n,Synset,"إِدارة, تسْيِير",No Arabic definition; No examples
omw-arb-08165650-n,Synset,إِدارة الرئِيس بُوش,No Arabic definition; No examples
omw-arb-02904075-a,Synset,إِدارِيّ,No Arabic definition; No examples
omw-arb-02904223-a,Synset,"إِدارِيّ, مُدِيرِيّ",No Arabic definition; No examples
omw-arb-00320852-n,Synset,"إِدْماج, إِدْخال, إِيلاج",No Arabic definition; No examples
omw-arb-01202415-n,Synset,"إِدْماج, اِنْدِماج, الدّمْج العُنْصُرِي",No Arabic definition; No examples
omw-arb-05675905-n,Synset,"إِدْراك, عِلْم, دِراية",No Arabic definition; No examples
omw-arb-00023271-n,Synset,"إِدْراك, معْرِفة",No Arabic definition; No examples
omw-arb-14424780-n,Synset,"إِدْراك, بُلُوغ, نُضْج",No Arabic definition; No examples
omw-arb-05675130-n,Synset,"إِدْراك, وَعْي",No Arabic definition; No examples
omw-arb-05170400-n,Synset,"إِدْراك الغاية, إِدْراك الهدف, عزِيمة",No Arabic definition; No examples
omw-arb-06648724-n,Synset,"إِفادة, حُجّة, بُرْهان",No Arabic definition; No examples
omw-arb-05148699-n,Synset,"إِفادة, فائِدة, جدْوى",No Arabic definition; No examples
omw-arb-07213395-n,Synset,"إِفْشاء, بوْح, كشْف",No Arabic definition; No examples
omw-arb-14478433-n,Synset,"إِفْلاس, إِخْفاق, فشل",No Arabic definition; No examples
omw-arb-14478291-n,Synset,"إِفْلاس, عجْز",No Arabic definition; No examples
omw-arb-00046177-n,Synset,"إِفْلات, هُرُوب",No Arabic definition; No examples
omw-arb-14853947-n,Synset,"إِفْرازات, إِخْراج, بُراز",No Arabic definition; No examples
omw-arb-05407119-n,Synset,"إِفْراز داخِلِي, هُرْمُون",No Arabic definition; No examples
omw-arb-09189411-n,Synset,إِفْرِيقْيا,No Arabic definition; No examples
omw-arb-01189113-v,Synset,"إِفْتقر إِلى, أعْوز, اِحْتاج",No Arabic definition; No examples
omw-arb-05888929-n,Synset,"إِفْتِراض, إِمْكانِيّة, ظنّ",No Arabic definition; No examples
omw-arb-00383390-n,Synset,"إِفْتِتاح, فتْح",No Arabic definition; No examples
omw-arb-01209220-n,Synset,"إِغاثة, عوْن, دعْم",No Arabic definition; No examples
omw-arb-00074624-n,Synset,"إِغْفال, إِسْقاط",No Arabic definition; No examples
omw-arb-04664964-n,Synset,"إِغْفال, إِهْمال, غفْلة",No Arabic definition; No examples
omw-arb-01074694-n,Synset,"إِغْلاق, غلْق, سدّ",No Arabic definition; No examples
omw-arb-01327301-v,Synset,"إِغْتال, صفّى, قضى على",No Arabic definition; No examples
omw-arb-00515414-n,Synset,"إِغْواء, إلْهاء, تحايُل",No Arabic definition; No examples
omw-arb-00271263-n,Synset,"إِهانة, إِنْحِلال, اِنْحِطاط",No Arabic definition; No examples
omw-arb-00742645-n,Synset,"إِهْدار, اِسْراف, تبْذِيْر",No Arabic definition; No examples
omw-arb-00739270-n,Synset,"إِهْمال, كسل, سهْو",No Arabic definition; No examples
omw-arb-05706629-n,Synset,"إِهْمال, تغافُل, تجاهُل",No Arabic definition; No examples
omw-arb-00519751-v,Synset,"إِهْتاج, فار, غلى",No Arabic definition; No examples
omw-arb-01828623-v,Synset,إِهْتمّ,No Arabic definition; No examples
omw-arb-01875295-v,Synset,"إِهْتزّ, تأرْجح, تمايل",No Arabic definition; No examples
omw-arb-06596978-n,Synset,"إِِصْدار, عدد",No Arabic definition; No examples
omw-arb-01805684-v,Synset,"إِِِشْتاق, اِشْتهى, عطِش إِلى",No Arabic definition; No examples
omw-arb-02472293-n,Synset,"إِِنْسان, بشر",No Arabic definition; No examples
omw-arb-06746005-n,Synset,"إِجابة, اِسْتِجابة, جواب",No Arabic definition; No examples
omw-arb-07199565-n,Synset,"إِجابة, اِسْتِجابة, جواب",No Arabic definition; No examples
omw-arb-05641959-n,Synset,"إِجادة, هيْمنة, قِيادة",No Arabic definition; No examples
omw-arb-15137890-n,Synset,"إِجازة, عُطْلة",No Arabic definition; No examples
omw-arb-15118453-n,Synset,"إِجازة, راحة",No Arabic definition; No examples
omw-arb-04625882-n,Synset,"إِجْبار, إِكْراه, إِرْغام",No Arabic definition; No examples
omw-arb-01127245-n,Synset,"إِجْبار, إِكْراه, قسْر",No Arabic definition; No examples
omw-arb-14376188-n,Synset,"إِجْهاد, توتُّر",No Arabic definition; No examples
omw-arb-00054821-n,Synset,"إِجْلاء, إِخْلاء, تفْرِيغ",No Arabic definition; No examples
omw-arb-04353803-n,Synset,"إِجْمالي, مجْمُوع",No Arabic definition; No examples
omw-arb-01023820-n,Synset,"إِجْراء, عملِيّة, طرِيقة",No Arabic definition; No examples
omw-arb-00037396-n,Synset,"إِجْراء, أداء, عمل",No Arabic definition; No examples
omw-arb-01023636-n,Synset,إِجْراء,No Arabic definition; No examples
omw-arb-00174412-n,Synset,"إِجْراء, اِعْداد, تدْبِير",No Arabic definition; No examples
omw-arb-01182312-n,Synset,"إِجْراء, قانُون, تشْرِيع",No Arabic definition; No examples
omw-arb-01184814-n,Synset,"إِجْراء, إِجْراء قضائِي, إجْراءات",No Arabic definition; No examples
omw-arb-01168369-n,Synset,"إِجْراء ضغْط مُباشِر, تصرُّف مُباشِر",No Arabic definition; No examples
omw-arb-01024392-n,Synset,"إِجْراء طِبِّيّ, طرِيقة طِبِّيّة",No Arabic definition; No examples
omw-arb-03103198-a,Synset,إِجْرائِيّ,No Arabic definition; No examples
omw-arb-07975026-n,Synset,"إِجْتِماع, حشْد, حشْر",No Arabic definition; No examples
omw-arb-07414922-n,Synset,"إِجْتِماع, جمِيْعة, لقْية",No Arabic definition; No examples
omw-arb-08310389-n,Synset,"إِجْتِماع, جمِيعة, لقْية",No Arabic definition; No examples
omw-arb-00126638-r,Synset,إِجْتِماعِيّاً,No Arabic definition; No examples
omw-arb-00035189-n,Synset,"إِكْمال, إِنْجاز, إتْمام",No Arabic definition; No examples
omw-arb-13298701-n,Synset,"إِكْرامِيّة, بقْشِيش, هِبة",No Arabic definition; No examples
omw-arb-00721437-v,Synset,"إِكْتشف, أدان, أصدر حكما",No Arabic definition; No examples
omw-arb-00522751-v,Synset,"إِكْتسب, حصل على, لقِي",No Arabic definition; No examples
omw-arb-00043195-n,Synset,"إِكْتِشاف, عُثُور, كشْف",No Arabic definition; No examples
omw-arb-00849982-n,Synset,"إِكْثار, إِنْتاج, توْلِيد",No Arabic definition; No examples
omw-arb-00243938-r,Synset,"إِلى الْجنُوب, فِي اِتِّجاه الْجنُوب, فِي الْجنُوب",No Arabic definition; No examples
omw-arb-00146572-n,Synset,"إِلْبِقاء عِنْد نُقْطة, تجمُُّع, تقارُب",No Arabic definition; No examples
omw-arb-06099269-n,Synset,إِلْكتْرُونِيّات,No Arabic definition; No examples
omw-arb-02428924-v,Synset,"إِلْتقى, اِجْتمع, تجمّع",No Arabic definition; No examples
omw-arb-14336539-n,Synset,إِلْتِهاب,No Arabic definition; No examples
omw-arb-00147091-n,Synset,"إِلْتِقاء, اِحْتِشاد, حشْد",No Arabic definition; No examples
omw-arb-01129920-n,Synset,"إِلْتِزام, مسْئُولِيّة, وَاجِب",No Arabic definition; No examples
omw-arb-06382072-n,Synset,"إِلْياذة, إِلْياذة هُومِيرُوس",No Arabic definition; No examples
omw-arb-10537240-n,Synset,إِمْبراطُور رومانيّ,No Arabic definition; No examples
omw-arb-00971463-n,Synset,"إِمْداد, دعْم, تعْزِيز",No Arabic definition; No examples
omw-arb-04562658-n,Synset,"إِمْداد مائِي, ماء, نِظام مائِي",No Arabic definition; No examples
omw-arb-14481929-n,Synset,"إِمْكان, إِمْكانِيّة, اِحْتِمال",No Arabic definition; No examples
omw-arb-05091770-n,Synset,"إِمْكان, اِحْتِمال",No Arabic definition; No examples
omw-arb-05951180-n,Synset,"إِمْكان, إِمْكانِيّة",No Arabic definition; No examples
omw-arb-14482968-n,Synset,"إِمْكان, إِمْكانِيّة, اِحْتِمال",No Arabic definition; No examples
omw-arb-04679300-n,Synset,"إِمْكان, أرْجحِيّة, اِحْتِمال",No Arabic definition; No examples
omw-arb-14482620-n,Synset,"إِمْكانِيّة, أرْجحِيّة, اِحْتِماليّة",No Arabic definition; No examples
omw-arb-07168131-n,Synset,"إِمْلاء, قِيادة",No Arabic definition; No examples
omw-arb-10787470-n,Synset,إِمْرأة,No Arabic definition; No examples
omw-arb-10377021-n,Synset,"إِمْرأة مُسِنّة, عجُوز, عجُوزة",No Arabic definition; No examples
omw-arb-00812526-n,Synset,"إِمْساك, كمْش, مسْك",No Arabic definition; No examples
omw-arb-00812274-n,Synset,"إِمْساك, مسْك, قبْض",No Arabic definition; No examples
omw-arb-01957529-v,Synset,"إِمْتطى, ركِب, أبحر",No Arabic definition; No examples
omw-arb-00797430-v,Synset,"إِمْتنع عن, أبى, رفض",No Arabic definition; No examples
omw-arb-01068773-n,Synset,"إِمْتِناع عن الملذّات, تقشُّف, زُهْد",No Arabic definition; No examples
omw-arb-03094503-n,Synset,"إِناء, حاوِية, وعَاء",No Arabic definition; No examples
omw-arb-04060904-n,Synset,"إِناء, وِعَاء",No Arabic definition; No examples
omw-arb-03525827-n,Synset,إِناء,No Arabic definition; No examples
omw-arb-13649791-n,Synset,"إِنْش, بُوْصة",No Arabic definition; No examples
omw-arb-00804802-v,Synset,"إِنْشقّ, اِخْتلف, عارض",No Arabic definition; No examples
omw-arb-10580030-n,Synset,"إِنْشِقاقِي, إِنْفِصالِي",No Arabic definition; No examples
omw-arb-01907258-v,Synset,"إِنْعطف, إِسْتدار, اِلْتفت",No Arabic definition; No examples
omw-arb-05072663-n,Synset,"إِنْعِطاف, إِنْحِناء, أود",No Arabic definition; No examples
omw-arb-14022959-n,Synset,"إِنْعِدام النّوْم, أرق, سهر",No Arabic definition; No examples
omw-arb-05204637-n,Synset,"إِنْعِدام القُوّة, ضعْف, عجْز",No Arabic definition; No examples
omw-arb-02034300-v,Synset,"إِنْحرف, اِبْتعد, اِنْشقّ",No Arabic definition; No examples
omw-arb-00328885-n,Synset,إِنْحِدار,No Arabic definition; No examples
omw-arb-13907415-n,Synset,"إِنْحِناء, اِنْثِناء, طوْية",No Arabic definition; No examples
omw-arb-00882159-n,Synset,"إِنْصات, إِسْتِماع, سمْع",No Arabic definition; No examples
omw-arb-01874178-v,Synset,"إِنْطلق, إِنْبعث, إِنْدفع",No Arabic definition; No examples
omw-arb-07290905-n,Synset,"إِنْطِلاق  ِاِنْطِلاق, بدْء, بِداية",No Arabic definition; No examples
omw-arb-08507558-n,Synset,"إِنْطِلاق, أصْل, أساس",No Arabic definition; No examples
omw-arb-07505871-n,Synset,"إِنْطِواء, عدم إِكْتِراث, بُعْد",No Arabic definition; No examples
omw-arb-01968569-v,Synset,"إِنْبعث, صعِد, نهض",No Arabic definition; No examples
omw-arb-00044455-n,Synset,"إِنْبِثاق, ظُهُور, بُرُوز",No Arabic definition; No examples
omw-arb-05470189-n,Synset,"إِنْبِثاق, ظُهُور, بُزُوغ",No Arabic definition; No examples
omw-arb-01869563-v,Synset,إِنْدفع,No Arabic definition; No examples
omw-arb-01128984-n,Synset,إِنْدِماج,No Arabic definition; No examples
omw-arb-01122149-n,Synset,"إِنْفاق, صرْف, خَرْج",No Arabic definition; No examples
omw-arb-01122601-n,Synset,"إِنْفاق, صرْف, نفقة",No Arabic definition; No examples
omw-arb-00209943-n,Synset,"إِنْهاء, فسْخ, خَتْم",No Arabic definition; No examples
omw-arb-15268239-n,Synset,"إِنْهاء, وَقْف",No Arabic definition; No examples
omw-arb-15266911-n,Synset,"إِنْهاء, إِنْتِهاء, نِهاية",No Arabic definition; No examples
omw-arb-01976488-v,Synset,"إِنْهار, سقط, تداعى",No Arabic definition; No examples
omw-arb-00334186-v,Synset,"إِنْهار, اِنْكسر, تفتّت",No Arabic definition; No examples
omw-arb-00849523-n,Synset,"إِنْجاب, تكاثُر, تناسُل",No Arabic definition; No examples
omw-arb-03003344-a,Synset,"إِنْجِلِيزِيّ, إِنْكِلِيزِيّ",No Arabic definition; No examples
omw-arb-01909397-v,Synset,"إِنْقلب, أسقط, انقلب",No Arabic definition; No examples
omw-arb-07333649-n,Synset,"إِنْقِضاء أجل, إِنْتِهاء أجل, إِنْتِقال إلى رحْمة اللّه",No Arabic definition; No examples
omw-arb-09976429-n,Synset,"إِنْسان, كائِن حيّ, مخْلُوق",No Arabic definition; No examples
omw-arb-05870055-n,Synset,"إِنْسان, أحد, مرْء",No Arabic definition; No examples
omw-arb-02743261-a,Synset,إِنْسانِي,No Arabic definition; No examples
omw-arb-01258617-a,Synset,"إِنْسانِي, بشرِي, آدَمِي",No Arabic definition; No examples
omw-arb-00142662-r,Synset,"إِنْسانِيّاًً, بِشكْلٍ إِنْسانِي",No Arabic definition; No examples
omw-arb-00009147-v,Synset,"إِنْسلخ, أسْقط, طرح",No Arabic definition; No examples
omw-arb-00913705-n,Synset,إِنْتاج,No Arabic definition; No examples
omw-arb-00912960-n,Synset,إِنْتاج,No Arabic definition; No examples
omw-arb-04007894-n,Synset,"إِنْتاج, منْتُوج, مُنْتج",No Arabic definition; No examples
omw-arb-00914929-n,Synset,"إِنْتاج, ترْبِية",No Arabic definition; No examples
omw-arb-03841417-n,Synset,"إِنْتاج, أعْمال, عمل",No Arabic definition; No examples
omw-arb-00933420-n,Synset,"إِنْتاج فنِّي, اِبْداع فنِّي, فنّ",No Arabic definition; No examples
omw-arb-01723690-v,Synset,"إِنْتحل شخْصِيّة, اِتّخذ شخْصِيّة, مثّل شخْصِيّة",No Arabic definition; No examples
omw-arb-01983264-v,Synset,"إِنْتصب, إِنْتصب واقِفاً, إِنْتفض قائِماً",No Arabic definition; No examples
omw-arb-00059019-v,Synset,"إِنْتظر, حملتْ, تنْتظِرُ موْلُوداً",No Arabic definition; No examples
omw-arb-02290461-v,Synset,"إِنْتفع, إِسْتفاد, كسب",No Arabic definition; No examples
omw-arb-00358431-v,Synset,"إِنْتهى, اِنْتقل إلى الرّفِيق الأعْلى, فنِي",No Arabic definition; No examples
omw-arb-00674607-v,Synset,"إِنْتقى, إِنْتخب, إِخْتار",No Arabic definition; No examples
omw-arb-00552436-n,Synset,"إِنْتِعاش, حياة, حيوِيّة",No Arabic definition; No examples
omw-arb-04767347-n,Synset,"إِنْتِظام, اِنْسِجام, النِّظامِيّة",No Arabic definition; No examples
omw-arb-15267536-n,Synset,"إِنْتِهاء, اِخْتِتام, نُقْطة النِهاية",No Arabic definition; No examples
omw-arb-04799133-n,Synset,"إِنْتِماء عِرْقِيّ, إِنْتِمَاء عِرْقِيّ",No Arabic definition; No examples
omw-arb-00168658-n,Synset,إِنْتِقال,No Arabic definition; No examples
omw-arb-02717538-a,Synset,إِنْتِخابِي,No Arabic definition; No examples
omw-arb-14732946-n,Synset,"إِنْزِيم, خَمِيرَة",No Arabic definition; No examples
omw-arb-03005039-a,Synset,إِنْزِيمِيّ,No Arabic definition; No examples
omw-arb-01053617-n,Synset,"إِقامة, حُلُول, بقاء",No Arabic definition; No examples
omw-arb-01054545-n,Synset,"إِقامة, اِسْتِقْرار, اِسْتِيطان",No Arabic definition; No examples
omw-arb-00333829-n,Synset,"إِقْلاق, إِرْباك, إِزْعاج",No Arabic definition; No examples
omw-arb-08630039-n,Synset,"إِقْلِيم, مِنْطقة, نحْو",No Arabic definition; No examples
omw-arb-08688247-n,Synset,"إِقْلِيْم, منْطِقة",No Arabic definition; No examples
omw-arb-08552138-n,Synset,"إِقْلِيْم, مِنْطقة, مُحافظة",No Arabic definition; No examples
omw-arb-01093666-n,Synset,إِقْراض,No Arabic definition; No examples
omw-arb-07179943-n,Synset,"إِقْرار, تأكِيد",No Arabic definition; No examples
omw-arb-02053941-v,Synset,"إِقْترب, دنا, اقترب",No Arabic definition; No examples
omw-arb-00077419-n,Synset,"إِقْتِناء, اِكْتِساب, تملُّك",No Arabic definition; No examples
omw-arb-07161429-n,Synset,"إِقْتِراح, عرْض, مُقْترح",No Arabic definition; No examples
omw-arb-07162194-n,Synset,"إِقْتِراح, عرْض, مُقْترح",No Arabic definition; No examples
omw-arb-04864200-n,Synset,"إِرادة, عزْم",No Arabic definition; No examples
omw-arb-00815320-n,Synset,"إِرْشاد, تسْيير, توْجِيْه",No Arabic definition; No examples
omw-arb-01144876-n,Synset,"إِرْشاد, تسْيِير, توْجِيه",No Arabic definition; No examples
omw-arb-06786629-n,Synset,"إِرْشاد, أمر, تعْلِيمات",No Arabic definition; No examples
omw-arb-10702781-n,Synset,"إِرْهابِيّ, الإرهابيّ",No Arabic definition; No examples
omw-arb-00759694-n,Synset,"إِرْهاب, عمل إِرْهابِي",No Arabic definition; No examples
omw-arb-15271008-n,Synset,"إِرْجاء, اِسْتِراحة, اِيقاف",No Arabic definition; No examples
omw-arb-08859173-n,Synset,"إِرْلنْدا, إيرْلنْدا, أيْرلنْدا",No Arabic definition; No examples
omw-arb-00050652-v,Synset,"إِرْتدى, لبِس, ارتدى",No Arabic definition; No examples
omw-arb-00052374-v,Synset,"إِرْتدى, لبِس, تقلّد",No Arabic definition; No examples
omw-arb-00387310-v,Synset,"إِرْتدّ, عاد, عاود",No Arabic definition; No examples
omw-arb-02696801-v,Synset,"إِرْتفع, أطلّ, تعالى",No Arabic definition; No examples
omw-arb-00158222-v,Synset,"إِرْتفع, إِزْداد, إنتصر",No Arabic definition; No examples
omw-arb-01990281-v,Synset,"إِرْتفع, طلع, ظهر",No Arabic definition; No examples
omw-arb-01970348-v,Synset,"إِرْتفع, أشْرق, صعِد",No Arabic definition; No examples
omw-arb-01969216-v,Synset,"إِرْتقى, علا, علِي",No Arabic definition; No examples
omw-arb-01239868-n,Synset,"إِرْتِباط, اِلْتِزام",No Arabic definition; No examples
omw-arb-00203020-n,Synset,"إِرْتِجاع, ردّ فِعْل",No Arabic definition; No examples
omw-arb-00083585-n,Synset,"إِرْث, مِيراث, ترِكة",No Arabic definition; No examples
omw-arb-00419908-n,Synset,"إِساءة, عُنْف, مُعاملة سيْئة",No Arabic definition; No examples
omw-arb-00418025-n,Synset,إِساءة المُعاملة,No Arabic definition; No examples
omw-arb-11074573-n,Synset,إِسْماعِيل,No Arabic definition; No examples
omw-arb-00327366-n,Synset,"إِسْقاط, رمْي",No Arabic definition; No examples
omw-arb-00743822-n,Synset,"إِسْراف, تضْيِيع, تبْذِير",No Arabic definition; No examples
omw-arb-02324026-v,Synset,"إِسْتعار, اِسْتلف",No Arabic definition; No examples
omw-arb-01087197-v,Synset,"إِسْتعدّ, اِسْتعدّ, اِسْتعدّ لِلْمعْركة",No Arabic definition; No examples
omw-arb-01164273-v,Synset,"إِسْتغلّ, اِسْتثْمر, سخّر",No Arabic definition; No examples
omw-arb-02684924-v,Synset,"إِسْتغْرق, اِسْتمرّ, بقِي",No Arabic definition; No examples
omw-arb-01992503-v,Synset,"إِسْتمرّ, أحْرز تقدُّماُ, مرّ",No Arabic definition; No examples
omw-arb-00026385-v,Synset,"إِسْترْخى, اٍرْتاح, استرخى",No Arabic definition; No examples
omw-arb-00626300-v,Synset,إِسْتوْعب,No Arabic definition; No examples
omw-arb-00588221-v,Synset,"إِسْتوْعب, أدرك, فهم",No Arabic definition; No examples
omw-arb-02732798-v,Synset,"إِسْتوْعب, إِتّسع, قبِل",No Arabic definition; No examples
omw-arb-01988458-v,Synset,"إِسْتوْطن, اِسْتقرّ, حلّ",No Arabic definition; No examples
omw-arb-08428485-n,Synset,"إِسْتِعْراض, موْكِب",No Arabic definition; No examples
omw-arb-14483126-n,Synset,"إِسْتِحالة, عدم اِمْكانِيّة",No Arabic definition; No examples
omw-arb-00216723-n,Synset,إِسْتِبْعاد,No Arabic definition; No examples
omw-arb-00163406-n,Synset,"إِسْتِدارة 180 درجة, عكْس, عُدُول عن",No Arabic definition; No examples
omw-arb-04907991-n,Synset,"إِسْتِفْزاز, جِماح, تمرُّد",No Arabic definition; No examples
omw-arb-11417129-n,Synset,"إِسْتِجابة, ردّ فِعْل",No Arabic definition; No examples
omw-arb-11416988-n,Synset,"إِسْتِجابة, نتِيجة",No Arabic definition; No examples
omw-arb-00426928-n,Synset,"إِسْتِجْمام, لهْو, تسْلِية",No Arabic definition; No examples
omw-arb-02748952-a,Synset,إِسْتِنْتاجِي,No Arabic definition; No examples
omw-arb-13962765-n,Synset,"إِسْتِراحة, راحة أبدِيّة, راحة سرْمدِيّة",No Arabic definition; No examples
omw-arb-00947128-n,Synset,"إِسْتِخْدام, اِسْتِعْمال, توْظِيْف",No Arabic definition; No examples
omw-arb-05678300-n,Synset,"إِسْتِيقاظ, صحْو, سهر",No Arabic definition; No examples
omw-arb-02700104-v,Synset,"إِتّفق, اِنْسجم, تناسق",No Arabic definition; No examples
omw-arb-05638063-n,Synset,"إِتْقان, صنْعة, براعة",No Arabic definition; No examples
omw-arb-00048225-n,Synset,"إِتْيان, بُلُوغ, توصُّل",No Arabic definition; No examples
omw-arb-02653706-v,Synset,"إِتّصل, تعلّق, خَصَّ",No Arabic definition; No examples
omw-arb-01113068-n,Synset,"إِتِّجار, بيْع, مُتاجرء",No Arabic definition; No examples
omw-arb-07513508-n,Synset,إِثارة,No Arabic definition; No examples
omw-arb-00242808-n,Synset,"إِثارة, إِيْقاظ, تنْشِيط",No Arabic definition; No examples
omw-arb-01221790-n,Synset,"إِثارة, اِسْتِفْزاز, تهْيِيج",No Arabic definition; No examples
omw-arb-14023997-n,Synset,إِثارة,No Arabic definition; No examples
omw-arb-05827684-n,Synset,"إِثارة, حافِز, حاثّ",No Arabic definition; No examples
omw-arb-06650070-n,Synset,إِثْبات,No Arabic definition; No examples
omw-arb-05825245-n,Synset,"إِثْبات, بُرْهان, تأكِيد",No Arabic definition; No examples
omw-arb-05824739-n,Synset,"إِثْبات, حُجّة, بيِّنة",No Arabic definition; No examples
omw-arb-00757080-n,Synset,"إِثْم, معْصِية, خَطِيئَة",No Arabic definition; No examples
omw-arb-07500042-n,Synset,"إِخاء, أُخُوّة",No Arabic definition; No examples
omw-arb-00066636-n,Synset,"إِخْفاق, فشل, رُسُوب",No Arabic definition; No examples
omw-arb-00066397-n,Synset,إِخْفاق,No Arabic definition; No examples
omw-arb-04871374-n,Synset,"إِخْلاص, أمانة, صِدْق",No Arabic definition; No examples
omw-arb-01079604-n,Synset,"إِخْماد, قمْع, سحْق",No Arabic definition; No examples
omw-arb-00679937-v,Synset,إِخْتار,No Arabic definition; No examples
omw-arb-02321757-v,Synset,"إِخْتلس, سرق, اختلس",No Arabic definition; No examples
omw-arb-00715074-v,Synset,"إِخْتتم, أنْهى, خَتَمَ",No Arabic definition; No examples
omw-arb-00639556-n,Synset,"إِخْتِبار, تجْرِبة, تجْرِيْب",No Arabic definition; No examples
omw-arb-00635850-n,Synset,"إِخْتِبار, فحْص, تدْقِيْق",No Arabic definition; No examples
omw-arb-00230172-n,Synset,"إِخْتِفاء, خُبُو",No Arabic definition; No examples
omw-arb-00754956-n,Synset,"إِخْتِلاق, اِدِّعاء, تظاهُر",No Arabic definition; No examples
omw-arb-00940412-n,Synset,"إِخْتِراع, اٍحْداث, اِبْداع",No Arabic definition; No examples
omw-arb-01211888-n,Synset,"إِيضاح, تبْسِيط, تيْسِير",No Arabic definition; No examples
omw-arb-00334509-n,Synset,"إِيعاز, إِيحاء, إِيماءة",No Arabic definition; No examples
omw-arb-00372607-n,Synset,"إِيداع, تخْزِين, خَزْن",No Arabic definition; No examples
omw-arb-14640434-n,Synset,"إِيدْرُوجِين, العنصر الاول, هيدْرُوجِين",No Arabic definition; No examples
omw-arb-01111375-n,Synset,إِيجار,No Arabic definition; No examples
omw-arb-13295657-n,Synset,إِيجار,No Arabic definition; No examples
omw-arb-13248393-n,Synset,"إِيجار, تأْجِير",No Arabic definition; No examples
omw-arb-02957066-a,Synset,إِيْطالِي,No Arabic definition; No examples
omw-arb-00372448-n,Synset,"إِيْداع, توْدِيْع",No Arabic definition; No examples
omw-arb-00511573-r,Synset,"إِيْجاباًً, إِيْجابِيّاً, بِالإِيجاب",No Arabic definition; No examples
omw-arb-01076046-n,Synset,إِيقاف,No Arabic definition; No examples
omw-arb-04984180-n,Synset,إِيقاع,No Arabic definition; No examples
omw-arb-03003744-a,Synset,إِيرْلنْدِي,No Arabic definition; No examples
omw-arb-00330984-n,Synset,إِزاحة,No Arabic definition; No examples
omw-arb-00391599-n,Synset,إِزالة,No Arabic definition; No examples
omw-arb-00433232-v,Synset,"إِزْداد, اِرْتفع, صعِد",No Arabic definition; No examples
omw-arb-00310386-v,Synset,"إِزْدهر, اِنْتعش, تقدّم",No Arabic definition; No examples
omw-arb-13497135-n,Synset,"إِزْدِياد, اِرْتِفاع, نُمُو",No Arabic definition; No examples
omw-arb-00363260-n,Synset,"إِزْدِياد, زِيَادَة",No Arabic definition; No examples
omw-arb-02356230-v,Synset,"إِئْتمن, أوْدع, عهِد إِلى",No Arabic definition; No examples
omw-arb-08245172-n,Synset,"إجْرام, عِصابة, جرِيمة مُنظّمة",No Arabic definition; No examples
omw-arb-01229938-n,Synset,"إجْتِماع, جمْعِيّة, مجِلِس",No Arabic definition; No examples
omw-arb-01230965-n,Synset,"إجْتِماع, لِقاء, مُقابلة",No Arabic definition; No examples
omw-arb-13725902-n,Synset,"إلِكْتِرون فُلْط, إلِكْتِرون فُولط, إلِكْتِرون فُولت",No Arabic definition; No examples
omw-arb-06513366-n,Synset,"إلْتِماس, عرِيضة, طلب",No Arabic definition; No examples
omw-arb-01127019-n,Synset,"إلْزام, تطْبِيق, تنْفِيذ",No Arabic definition; No examples
omw-arb-13777344-n,Synset,"إمْدادات, مؤُونة, مخْزُون",No Arabic definition; No examples
omw-arb-07290761-n,Synset,"إمْكان, إمْكانِيّة, اِحْتِمال",No Arabic definition; No examples
omw-arb-05623181-n,Synset,"إمْكانِيّة, قُدْرة",No Arabic definition; No examples
omw-arb-04531098-n,Synset,"إناء, وِعَاء",No Arabic definition; No examples
omw-arb-06880249-n,Synset,"إنْعِكاس, مظْهر, تعْبِير",No Arabic definition; No examples
omw-arb-08293982-n,Synset,"إنْحِياز, اِتِّحاد, اِئْتِلاف",No Arabic definition; No examples
omw-arb-02727883-v,Synset,"إنْباع, باع",No Arabic definition; No examples
omw-arb-05704266-n,Synset,"إنْهِماك, اِنْغِماس, ترْكِيز",No Arabic definition; No examples
omw-arb-13484644-n,Synset,"إنْجِماد, تجمُّد, تجْمِيد",No Arabic definition; No examples
omw-arb-00353469-n,Synset,"إنْقاص, تخْفِيْض, خَفْض",No Arabic definition; No examples
omw-arb-02628832-v,Synset,"إنْسحب, عام, أزاح",No Arabic definition; No examples
omw-arb-04631700-n,Synset,"إنْتِعاش, حيوِيّة, نشاط",No Arabic definition; No examples
omw-arb-08654360-n,Synset,"إقْلِيم, وِلايَة",No Arabic definition; No examples
omw-arb-02389592-v,Synset,"إرْتبط, ربط",No Arabic definition; No examples
omw-arb-08953151-n,Synset,"إسِلاندا, إسِلانده, إيسِلاندا",No Arabic definition; No examples
omw-arb-06336904-n,Synset,"إسْم العائِلة, كُنْية, لقب",No Arabic definition; No examples
omw-arb-09681351-n,Synset,"إسْرائِيلِي, عِبْرِيّ, يَهُودِي",No Arabic definition; No examples
omw-arb-14794823-n,Synset,"إسْتر السِليُولوز, مِلْح السِليُولوز",No Arabic definition; No examples
omw-arb-00763831-v,Synset,"إتّفق, أنْهى, فضّ",No Arabic definition; No examples
omw-arb-01159776-n,Synset,"إخضاع للنمط, تنْميط",No Arabic definition; No examples
omw-arb-13996300-n,Synset,"إخْضاع, خُضُوْع",No Arabic definition; No examples
omw-arb-06738281-n,Synset,"إيضاح, تعْلِيل, تفْسِير",No Arabic definition; No examples
omw-arb-06879180-n,Synset,"إيضاح, اِسْتِعْراض, عرْض",No Arabic definition; No examples
omw-arb-13294503-n,Synset,"إيراد, دخْل, دخْل سنوِيّ",No Arabic definition; No examples
omw-arb-13255145-n,Synset,"إيراد, عائِد, دخْل",No Arabic definition; No examples
omw-arb-08888676-n,Synset,"إيرلنْدا, أيرلنْدا",No Arabic definition; No examples
omw-arb-09512391-n,Synset,"إيزيس, ايزيس",No Arabic definition; No examples
omw-arb-09042322-n,Synset,"إزمير, ازمير",No Arabic definition; No examples
omw-arb-00721141-n,Synset,=,No Arabic definition; No examples
omw-arb-00927430-v,Synset,"أشار, ألْمح, لمّح",No Arabic definition; No examples
omw-arb-00932161-v,Synset,أشار,No Arabic definition; No examples
omw-arb-00931467-v,Synset,"أشار إلى, عنى, دلّ",No Arabic definition; No examples
omw-arb-00928015-v,Synset,"أشار إلى, أظْهر, عبّر عن",No Arabic definition; No examples
omw-arb-00504901-v,Synset,"أشْبع بالنترات, نتْرت, أشبع بالنترات",No Arabic definition; No examples
omw-arb-00497219-v,Synset,"أشْبع بالنشادِر, مزج بالنشادِر",No Arabic definition; No examples
omw-arb-13251154-n,Synset,"أشْياء, أغْراض, أمْتِعة",No Arabic definition; No examples
omw-arb-07420770-n,Synset,"أذى, ضرر, فساد",No Arabic definition; No examples
omw-arb-01799794-v,Synset,"أذلّ, أهان, اِمْتهن",No Arabic definition; No examples
omw-arb-09018162-n,Synset,أذربيجان,No Arabic definition; No examples
omw-arb-05320899-n,Synset,أذُن,No Arabic definition; No examples
omw-arb-02324478-v,Synset,"أضاف, أضْفى, منح",No Arabic definition; No examples
omw-arb-01027174-v,Synset,"أضاف, أشبع رغبة, ألحق",No Arabic definition; No examples
omw-arb-00389638-v,Synset,"أضْعف, أوْهن, اِسْتنْزف",No Arabic definition; No examples
omw-arb-00102586-v,Synset,"أضّرّ, ضرّ, أضر",No Arabic definition; No examples
omw-arb-00598278-v,Synset,أعاد تعلّثم,No Arabic definition; No examples
omw-arb-02553262-v,Synset,أعاد,No Arabic definition; No examples
omw-arb-00696189-v,Synset,"أعاد النظر, نقّح, راجع",No Arabic definition; No examples
omw-arb-00364064-v,Synset,"أعاق, أوْقف, اِعْترض",No Arabic definition; No examples
omw-arb-01021629-v,Synset,"أعدّ, نظّم, رتّب",No Arabic definition; No examples
omw-arb-00063291-v,Synset,"أعْضب, أغاظ, أثار",No Arabic definition; No examples
omw-arb-00218330-v,Synset,"أعْطش, أرمض, جفّفّ",No Arabic definition; No examples
omw-arb-00974367-v,Synset,"أعْلن عن, صرّح بِ, أبلغ",No Arabic definition; No examples
omw-arb-01096245-n,Synset,"أعْمال, عمل, تِجارة",No Arabic definition; No examples
omw-arb-08500213-n,Synset,"أعْماق, عُمْق, غوْر",No Arabic definition; No examples
omw-arb-00630380-v,Synset,"أعْمل الفِكْر, أجال الفِكْر, اِسْتغْرق",No Arabic definition; No examples
omw-arb-01587062-v,Synset,"أحاط, حصر, حوّط",No Arabic definition; No examples
omw-arb-00382635-v,Synset,"أحال, حوّل, بدّل",No Arabic definition; No examples
omw-arb-09538021-n,Synset,أحد أعْضاء الثالُوث الأقْدس,No Arabic definition; No examples
omw-arb-01433294-v,Synset,"أحْضر, أتى بِـ, جلب",No Arabic definition; No examples
omw-arb-00948071-v,Synset,"أحْصى, عدّ, حسب",No Arabic definition; No examples
omw-arb-05049930-n,Synset,"أحْداث المُسْتقْبل, مُسْتقْبل",No Arabic definition; No examples
omw-arb-01634142-v,Synset,"أحْدث, اِبْتدع, أحدث",No Arabic definition; No examples
omw-arb-00371264-v,Synset,"أحْمى, حمّى, سخّن",No Arabic definition; No examples
omw-arb-00196364-v,Synset,"أحْرق, حرق",No Arabic definition; No examples
omw-arb-00378042-v,Synset,"أحْرق, حرق, أحرق",No Arabic definition; No examples
omw-arb-15166191-n,Synset,"أصِيل, عصْر, بعْد الظُهْر",No Arabic definition; No examples
omw-arb-07968702-n,Synset,أصْحاب المصالح,No Arabic definition; No examples
omw-arb-00967625-v,Synset,"أصْدر, نشر, أصدر",No Arabic definition; No examples
omw-arb-01063049-v,Synset,أصْدر,No Arabic definition; No examples
omw-arb-08912012-n,Synset,أصْفهان,No Arabic definition; No examples
omw-arb-07323922-n,Synset,"أصْل, بِداية, مصْدر",No Arabic definition; No examples
omw-arb-13333833-n,Synset,"أصْل, أُصُول",No Arabic definition; No examples
