synset_id,ao_concept_id,matched_word,added_words
awn3-02747421-v,47574,تقبل,قَنِعَ|قَنِعَ ب|سَلَّمَ|سَلَّمَ ب|سَلَّمَ على
awn3-02818735-n,46276,خرز,نَقَفَ|ثَقَّبَ|ثَلَمَ|فَلَقَ|دَقْدَقَ|بَثَقَ
awn3-00053917-n,52232,توديع,اِفْتِرَاقٌ|فِرَاقٌ|فُرْقَةٌ|بُعْدٌ|شِقَاقٌ
awn3-14472871-n,51843,انعدام,فِقْدَانٌ|فُقْدَانٌ
awn3-00602773-v,52763,غمس,تَغْطِيسٌ|غَمْرٌ1
awn3-07519350-n,50065,تقزز,اِشْمِئْزازٌ
awn3-11502540-n,46721,دفء,حَمَاوَةٌ|حَرارَةٌ|حُرْقَةٌ|حَمْيٌ|أُوَارٌ|حَرٌّ
awn3-06726451-n,46207,ملامه,تَقْرِيعٌ|مُعَاتَبَةٌ|تَقْبِيحٌ|تَعْنِيفٌ|تَثْرِيبٌ|تَبْكِيتٌ
awn3-02275660-v,49796,شحذ,إِرْهَافٌ|سَنٌّ|صَقْلٌ
awn3-07682478-n,48678,ضان,شاءَ|غَنَمٌ|مَعْزٌ|مَعَزٌ
awn3-05245612-n,47355,بشره,قِشْرٌ|شَوَىً2|قِشْرَةٌ|جُلَيْدَةٌ|صَرْمٌ|إِهابٌ
awn3-03618503-n,54376,مفتاح,إِقْلِيدٌ|مَقَالِيدٌ
awn3-00279247-n,51669,سقايه,سَقْيٌ|رِيٌّ
awn3-03475752-n,48103,زناد,مُطْلِقٌ|مُطْلِقَةٌ|مِقْدَاحٌ|زَنْدٌ1
awn3-02579184-v,46103,تلاعب,نَبِيطَةٌ|مُخَادَعَةٌ|مُخَاتَلَةٌ|تَضْلِيلٌ|تَحَايُلٌ|مُدَاهَنَةٌ
awn3-04029643-n,53557,خرامه,سُنْبُكٌ|مِثْقَابٌ|مِثْقَبٌ|مِخْرَمَةٌ|مِخْرَازٌ
awn3-01977842-a,46382,نظامي,مُنَسَّقٌ|مُنَسَّقَةٌ|مُعَدٌّ|مُنَظَّمٌ|مُصَنَّفٌ|مُرتَّبٌ
awn3-00103373-v,51848,شحب,تَبَدَّلَ|مُبَاشَرَةٌ|تَغَيَّرَ|حَالَ2|حَالَ عن|إِثْرٌ
awn3-00028950-n,47558,فضاء,عَرَاءٌ|هَواءٌ|جَوٌّ|خَلَاءٌ
awn3-01259404-a,46430,حار,مُحْتَرِقٌ|مُتَوَهِّجٌ|مُسْتَعِرٌ|وَهَّاجٌ|مُتَوَقِّدٌ|مُتَّقِدٌ
awn3-10435383-n,46807,مؤدي,مَضْمُونٌ|صَمِيمٌ|مَغْزَىً|مَدْلُولٌ|مَقْصَدٌ|مَفْهُومٌ
awn3-00633307-a,293254,مجسد,مَحْسُوسٌ|مَلْمُوسٌ|حَقِيقِيٌّ|كَائِنٌ2
awn3-00520089-a,53767,ملتزم,مُتَعَهِّدٌ|مُقَاوِلٌ
awn3-04948502-n,47818,تراص,تَلَازُنٌ|تَغْرِيَةٌ|إِلْصَاقٌ
awn3-05816802-n,48379,قراءه,مُذَاكَرَةٌ|دِرَاسَةٌ|دَرْسٌ
awn3-03706974-n,54203,اليات,أَلَاَيَا
awn3-01219989-n,46664,نيابه,تَرْخِيصٌ|إِجَازَةٌ|تَوْكِيلٌ|إِنَابَةٌ|تَفْوِيضٌ|تَخْوِيلٌ
awn3-01242052-n,46796,مشاركه,مُتَاخَمَةٌ|مُنَادَمَةٌ|مُؤَالَفَةٌ|جِيرَةٌ|تَجَاوُرٌ|مُخَالَطَةٌ
awn3-03551946-n,53774,وقاء,مِصَدٌّ|دِرْعٌ|حَائِلٌ 1
awn3-02141597-v,47865,اري,شَهْدٌ|شُهْدٌ|عَسَلٌ|صَبِيبٌ|جَنَىً|شَوْبٌ
awn3-05637465-n,46321,سعير,تَوَقُّدٌ|ضَرْمَةٌ|اِتِّقَادٌ|اِحْتِدَامٌ|تَأَجُّجٌ|تَوَهُّجٌ
awn3-04201332-n,46307,سفينه,مَاخِرَةٌ|مَرْكَبٌ|مَرْكِبٌ|زَوْرَقٌ|طَرَّادٌ|طَوْفٌ
awn3-06722472-n,46752,استنكار,مُمَانَعَةٌ|اِسْتِيَاءٌ|مُطَالَبَةٌ|اِعْتِراضٌ|مُقَاوَمَةٌ|مُخَالَفَةٌ
awn3-04724415-n,54230,مؤهل,مُؤَهَّلةٌ|كُفُؤٌ
awn3-00105087-v,53719,زفر,نَفَثَ|نَفَثَ ب|نَفَثَ في
awn3-02541562-v,50249,حايد,حايَدَ في|جَانَبَ
awn3-05758160-n,53208,موضه,طِرَازٌ
awn3-00343988-v,49433,تكرر,عَاوَدَ|تَكَرَّرَ على
awn3-07424192-n,46921,لمسه,مُلَامَسَةٌ|تَلَامُسٌ|مَلْمَسٌ|مَسَّ2|مَسَّ2 إلى|تَماسٌّ
awn3-02967841-n,49250,شحنه,تَحْمِيلٌ
awn3-00105229-n,54352,دحرجه,تَدَحْرُجٌ|دُرُوجٌ
awn3-07401520-n,49995,تمتمه,لَغَطٌ|لَغْطٌ
awn3-04408223-n,46311,هاتف,مُوبايْل|جَوَّالٌ|خَلَوِيٌّ|تِلِفُونٌ|تِلِيفُونٌ|مَحْمُولٌ
awn3-00632042-v,47497,تمعن,تَمَعَّنَ في|فَحَصَ|فَحَصَ عن|تَفَحَّصَ|تَفَحَّصَ عن
awn3-03166897-a,48202,مامول,مُتَرَقَّبٌ|مَرْجُوٌّ|مُرَجَّحٌ|مُرَجَّحَةٌ|مُحْتَمَلٌ|مُتَوَقَّعٌ
awn3-14803364-n,54120,مبيض,قَصّارٌ|جَصَّاصٌ
awn3-05955255-n,46297,مسالمه,مُهَادَنَةٌ|تَصَالُحٌ|اِطْمِئْنَانٌ|صَلُحَ|سِكِّينَةٌ|سُكُونٌ
awn3-01809651-v,46110,تلهف,وَلَهٌ|اِشْتِياقٌ|لَهْفَةٌ|حَنِينٌ|تَوْقٌ|صَبَابَةٌ
awn3-13663013-n,53105,شمعه,كَنْدِيلَّا
awn3-01359073-v,54236,لصق,اِلْتِصَاقٌ
awn3-10094523-n,47598,متطرف,نَاءَ ب|قَاصٍ|مُتَرَامٍ|نَاءٍ|النَّائِي|مُتَبَاعِدٌ
awn3-08383367-n,47073,نازيه,سَوْرَةٌ|سُورَةٌ|اِعْتِداءٌ|حُمَيَّاً|صَوْلَةٌ|حِدَّةٌ
awn3-02366035-a,47386,مندهش,مَدْهُوشٌ|مَبْهُوتٌ|مَشْدُوهٌ|مَبْهُورٌ|مُتَحَيِّرٌ|مُتَعَجِّبٌ
awn3-09636221-n,53818,متبار,مُسَابِقٌ|الْمُتَبَارِي|مُنازِلٌ|مُصَارِعٌ|مُزَاحِمٌ|مُنَافِسٌ
awn3-05610438-n,47697,صدغ,فَوْدٌ|لِمَّةٌ|قُصَّةٌ|طَاقَةٌ|خُصْلَةٌ
awn3-13900945-n,52900,قطع ناقص,شَكْلٌ ناقِص|إهليلَج
awn3-02132960-n,48999,فهد,ضَارٍ|نَمِرٌ2|نِمْرٌ|سَبْعٌ2|سَبُعٌ
awn3-01980502-v,46705,تداعي,تَزَحْلَقَ|اِنْزَلَقَ|اِنْزَلَقَ على|زَلَّ1|زَلَّ1 عن|خَرَّ2
awn3-04755139-n,48952,مساواه,تَمَاثُلٌ|تَعَادُلٌ|تَساوٍ|تَكافُؤٌ
awn3-11521799-n,47010,غيث,وَابِلٌ|نَدَىً|حَيَاً|غَدَقٌ|غَادِيَةٌ|طَلٌّ
awn3-02753866-a,51683,كل ساعه,ساعةً فَساعة|مُسأوَعة
awn3-07625449-n,47913,تحليه,تَنْمِيقٌ|تَزْيِينٌ|زَخْرَفَةٌ|تَحْسِينٌ|تَجْمِيلٌ
awn3-03432206-n,47520,بوابه,فُتْحَةٌ|بَابٌ|مَنْفَذٌ|مَدْخَلٌ|كَوَّةٌ|كُوَّةٌ
awn3-07502515-n,46110,حنين,تَلَهُّفٌ|وَلَهٌ|اِشْتِياقٌ|لَهْفَةٌ|تَوْقٌ|صَبَابَةٌ
awn3-06571356-n,50358,مرافعه,حُجَّةٌ
awn3-07370487-n,46757,تقليل,اِنْخِسَافٌ|إِنْقَاصٌ|اِنْحِطَاطٌ|تَدَنٍّ|تَقَوُّضٌ|حَسْمٌ
awn3-00951878-a,53934,داخلي,جَوّانِيٌّ
awn3-03839580-n,50691,مفاعل,كَاشِفٌ
awn3-02666520-v,53443,زامن,تَوَاقُتٌ|مُزَامَنَةٌ|تَزَامُنِيّةٌ
awn3-13719367-n,50552,بيسه,رِيَالٌ
awn3-05469891-n,293418,جهاز عصبي,نظام عصبي
awn3-01623768-n,48034,بومه,صَادٍ|صَدَىً|هَامَةٌ
awn3-06670391-n,52751,حد اقصي,نهايه|حَدّ أدنى|حدّ أَدنى أَدنى
awn3-13479774-n,46757,انقاص,اِنْخِسَافٌ|اِنْحِطَاطٌ|تَدَنٍّ|تَقْلِيلٌ|اِنْخِفَاضٌ|تَقَوُّضٌ
awn3-08230899-n,46516,سريه,عَرَمْرَمٌ|عَسْكَرٌ|لِوَاءٌ|كَتِيبَةٌ|جَحْفَلٌ|جَرَّارٌ
awn3-00125255-v,48048,زجج,تَزَجَّجَ
awn3-05155946-n,46904,جدوي,جَدَاءٌ|عَائِدٌ|غَنَاءٌ|ثَمَرَةٌ|طَائِلَةٌ|طَائِلٌ
awn3-05129822-n,46677,اغلبيه,كَمالٌ|قَاطِبَةٌ|كُلِّيَّةٌ|أكْثَرِيَّةُ|جُمْهُورٌ|جُلّ
awn3-10719850-n,48089,نزيل,عَائِدٌ|نَازِلٌ|ضَيْفٌ|زَائِرٌ
awn3-04554141-n,46690,حائط,وَشِيعٌ|سُورٌ|مِتْرَاسٌ|عَقَبَةٌ|سِيَاجٌ|حَاجِزٌ
awn3-04445087-n,47026,مؤقت,مُوَقَّتٌ|مَوْقِتٌ|عَابِرٌ|عَابِرَةٌ|مُحَدَّدٌ|وَقْتِيٌّ
awn3-00103373-v,47276,اصفر,صَفِرَ1|خَرِبَ|خَوِيَ|أَقْفَرَ|أَوْحَشَ|خَلَا1
awn3-04386330-n,46667,طاوله,وَلِيمَةٌ|سِمَاطٌ|قِرَىً|طَعَامٌ|عَقِيقَةٌ|مَأْدَبَةٌ
awn3-01110658-n,50870,تنازل,تَنَازَلَ عن
awn3-07304311-n,47172,اعجوبه,عَجيبةٌ|آيَةٌ|مُعْجِزَةٌ
awn3-02123649-n,48256,سنور,هِرٌّ|بَسٌّ|قِطٌّ
awn3-09653829-n,46771,منحوس,مَتْعُوسٌ|مَشْئومٌ|مَشْؤُومٌ|نَكِدٌ|شَقِيٌّ|تَعْسٌ
awn3-15021579-n,49381,مسحوق,ذَرُورٌ
awn3-02941214-a,54126,قابل للقسمه,يَتجزّأ|يَنقسِمُ
awn3-09392066-n,293112,عش,وَكْرٌ|وَكْنٌ
awn3-01059555-n,52032,تزويد,تَغْذِيَةٌ|تَمْوِينٌ
awn3-01891013-v,53955,طاف,عائِمٌ
awn3-02187621-v,54024,زمر,أَزِيزٌ|دَوِيٌّ
awn3-02534046-v,47213,اخفق,خابَ|عَيِيَ ب|عَيِيَ في|فَشِلَ في|أَخْفَقَ في|أَكْدَى
awn3-01979598-n,53186,سلطعون,سَرَطانٌ
awn3-04048624-n,53770,مذياع,مِجْهَارٌ|مَيكْرُوفُونٌ|مِكْرُوفُونٌ
awn3-15227602-n,293593,سنه مداريه,سَنَة ميلاديّة
awn3-14472592-n,45866,احتياج,إِمْلَاقٌ|إِقْفَارٌ|اِفْتِقارٌ|ضُرٌّ|عُسْرٌ|عُسْرَةٌ
awn3-13133423-n,54357,شجيره,جَنْبَةٌ
awn3-01811849-v,46106,استمال,اِسْتَرْحَمَ|رَجا|تَضَرَّعَ إلى|تَضَرَّعَ ل|ضَرِعَ إلى|ضَرِعَ ل
awn3-13472977-n,46499,استهلاك,إِهْلاَكٌ|هَلاَكٌ|تَهْدِيمٌ|تَحْطِيمٌ|إِفْسَادٌ|إِعْطَابٌ
awn3-05129364-n,46677,اكثريه,كَمالٌ|قَاطِبَةٌ|كُلِّيَّةٌ|جُمْهُورٌ|جُلّ|غَالِبِيَّةٌ
awn3-05900703-n,50877,افتراض,اِنْتِهَازٌ|اِغْتِنَامٌ
awn3-02911542-n,48417,فرشاه,مِحَسَّةٌ|فِرْجَونٌ
awn3-07964900-n,46801,مشرد,فَارٌّ|مُبْعَدٌ|مُلْقَىً|مَطْرُودٌ|مَحْرُومٌ|مَذْمُومٌ
awn3-07245162-n,53036,تسميه,تَعْيِينٌ|تَخْصِيصٌ
awn3-09277520-n,46660,قاره,كُدْيَةٌ|هَادٍ|الْهَادِي|حَجَرٌ|هَادِيَةٌ|صَوَّانٌ
awn3-05993821-n,46502,ثقافه,اِطِّلَاعٌ|بَصَرٌ|يَقِينٌ|خِبْرَةٌ|عِلْمٌ|مَعْرِفةٌ
awn3-10022422-n,46413,متظاهر,مَذَّاقٌ|مُرَاءٍ|مَيَّانٌ|مُخْتَلَقٌ|مُبْتَدِعٌ|زَاعِمٌ
awn3-07184731-n,54155,تعليمات,تَوْجِيهٌ
awn3-00046648-n,46879,استرجاع,إِرْجَاعٌ|رَدٌّ|إِعَادَةٌ
awn3-02324030-v,45926,تشجع,جَرُؤَ على|تَجَرَّأَ|اِجْتَرَأَ|اِجْتَرَأَ على|جازَفَ ب|جازَفَ في
awn3-02726419-v,47445,اعقب,أَنْسَلَ|أَنْجَبَ|نَسَلَ2|وَلَدَ|وَلَدَ من
awn3-10528303-n,49624,قارئ,مُطالِعٌ|دَارِسٌ2
awn3-01172967-v,45922,ارتشف,نَهِلَ|رَشِفَ|تَمَصَّصَ|اِجْتَرَعَ|جَرَعَ|تَجَرَّعَ
awn3-06210871-n,51472,تحيز,حَابَى|تَحَزَّبَ|تَحَزَّبَ على|تَحَزَّبَ ل|اِنْحَازَ|اِنْحَازَ إِلَى
awn3-14036138-n,53802,ركود,كَسَادٌ|بَوَارٌ
awn3-07874954-n,47865,عسل,أَريٌ|شَهْدٌ|شُهْدٌ|صَبِيبٌ|جَنَىً|شَوْبٌ
awn3-10697152-n,46397,مشجع,مُؤَازِرٌ|دَاعِمٌ|مُسَانِدٌ|مُدَافِعٌ|مُؤَيِّدَةٌ|مُرَافِقٌ
awn3-02909528-a,53807,تنظيمي,تَكْتِيكِيٌّ|تَعْبَويٌّ
awn3-02879986-a,50096,سمعي,صَوْتِيٌّ
awn3-03186898-n,54426,صاعق,مُحَيِّرٌ|مُدْهِشٌ|مُدْهِشَةٌ|مُذْهِلٌ|مُفَاجِئٌ|مُفَاجِئةٌ
awn3-01063257-n,51669,ري,سَقْيٌ|سِقَايَةٌ
awn3-02669573-n,177951,مسلخ,مَذْبَحٌ|مَجْزَرٌ
awn3-10602839-n,47565,مستوطن,نَازِلٌ|مُقِيمٌ|مُقِيمَةٌ|قَاطِنٌ|هَاجِعٌ|مُسْتَقَرٌّ
awn3-15290845-n,48531,صبا,وُلُودِيَّةٌ|طُفُولَةٌ|صِغَرٌ
awn3-03810284-n,47848,مسمار,سَكٌّ|غِلَالَةٌ|دِسَارٌ
awn3-10807146-n,47756,امراه,غَادَةٌ|أُنْثى|مَرْأَةٌ
awn3-01191018-v,46929,جاع,طَوَى1|ضَرِمَ|تَضَوَّرَ|سَغِبَ|خَمَصَ
awn3-00258995-v,51032,دلف,دَبَّ|دَبَّ على|دَبَّ في|دَجَّ|دَرَجَ|دَرَجَ على
awn3-03835103-n,49161,انشوطه,عُقْدَةٌ|رِبْقَةٌ
awn3-00265761-v,52781,تحمض,تَحْمِيضٌ
awn3-10780008-n,52980,ناخب,مُنْتَقٍ|مُنْتَخِبٌ|مُنْتَخِبَةٌ
awn3-02931992-n,51243,زر,كُعْبُرَةٌ|قَبْضَةٌ|قُبْضَةٌ
awn3-00772482-v,45988,اضطر,جَبَرَ|ألْجَأَ|غَصَبَ|أَرْغَمَ|قَهَرَ|قَسَرَ
awn3-01809490-v,47713,افتقد,تَتَبَّعَ|فَتَّشَ|فَتَّشَ على|فَتَّشَ عن|فَتَّشَ في|اِسْتَنْبَأَ
awn3-07394295-n,47277,جوقه,طُغْمَةٌ|جَمْعٌ|كَوْكَبَةٌ|فَوْجٌ
awn3-00950103-v,48129,احصي,قَدَّرَ|حَسِبَ|حَسَبَ|عَدَّدَ|عَدَّدَ على
awn3-03061006-n,47573,معطف,بِزَّةٌ|كِسَاءٌ|كُسْوَةٌ|كِسْوَةٌ|ثَوْبٌ|زِيٌّ
awn3-01096649-n,47362,اقراض,تَسْلِيفٌ|إِعارَةٌ|إِدانةٌ
awn3-02708189-a,48359,بلدي,أَهْلِيٌّ|مَدَنِيٌّ|وَطَنِيٌّ|شَعْبيٌّ
awn3-02558087-a,47579,مبلل,خَضِلَ|نَدِيٌّ|رَطِيبٌ|رَطْبٌ|نَدٍ
awn3-08232169-n,49223,مفرزه,فِرْقَةٌ
awn3-00238145-v,50368,تركز,جمع في الوسط|تجمع في الوسط
awn3-14846154-n,48361,ملوث,كَدِرٌ|مَشُوبٌ|مُتَعَكِّرٌ|مُتَكَدِّرٌ|حَمِئَ|حَمِئَ على
awn3-04316486-n,46307,باخره,مَاخِرَةٌ|مَرْكَبٌ|مَرْكِبٌ|زَوْرَقٌ|طَرَّادٌ|طَوْفٌ
awn3-00814485-a,54253,متلهف,قَلِقٌ|تَوَّاقٌ
awn3-08403286-n,46101,نخبه,مُخْتَصَرٌ|خَيْرَةٌ|مَضْمُونٌ|صَمِيمٌ|خِيَارٌ1|زُبْدَةٌ2
awn3-07866305-n,46791,جبن,ضَعُفَ|ضَعُفَ عن|يَرِعَ|تَخَاذَلَ|تَخَاذَلَ عَن|تَقاعَسَ
awn3-01312361-v,46963,فلح,حِرَاثةٌ|زَرْعٌ|زِرَاعَةٌ|فِلَاحَةٌ
awn3-01064741-n,46474,خمول,تَغَافُلٌ|تَوَاكُلٌ|تَكاسُلٌ|تَمَهُّلٌ|تَثَاقُلٌ|تَرَوٍّ
awn3-00028558-v,46279,ابتسم,اِسْتَضْحَكَ|ضَحِكَ|ضَحِكَ على|ضَحِكَ من|تَضاحَكَ|اِفْتَرَّ
awn3-04707844-n,47508,شحوب,سُهَامٌ|غَثَاثَةٌ|هُزَالٌ|ضَآلَةٌ|ضَمْرٌ|ضُمْرٌ
awn3-00043049-n,53540,تسبب,تَسْبِيبٌ|إِحْدَاثٌ|إِنْتَاجٌ
awn3-06719615-n,49682,مداليه,نِيشَانٌ|نَوْطٌ
awn3-00084405-n,47770,ميراث,تَرِكَةٌ|تِرْكَةٌ
awn3-08273290-n,46886,اجتماعي,مُخَالَطٌ|مُؤْنِسٌ|مَسَامِرٌ|إِلْفٌ|نَدِيمٌ|عَشِيرٌ
awn3-10045455-n,52201,مانح,مُعْطٍ
awn3-05710673-n,47494,اعتناء,اِكْتِرَاثٌ|اِهْتِمامٌ|عِنَايَةٌ|اِنْتِبَاهٌ|حَرْصٌ|حِرْصٌ
awn3-04888818-n,47136,انضباط,تَعْدِيلٌ|ضَبْطٌ|تَسْوِيَةٌ|مُعَايَرَةٌ
awn3-05054430-n,46552,اولويه,أَوَّلِيَّةٌ|تَفْضِيلٌ|أفْضَليَّةٌ|تَصْدُّرِيَّةٌ|تَفَوَّقَ على|تَفَوَّقَ في
awn3-09907302-n,48089,ضيف,عَائِدٌ|نَازِلٌ|نَزِيلٌ
awn3-00358789-v,47217,تجذر,تَأَصَّلَ|أَثَلَ|ثَبَتَ|ثَبَتَ على|ثَبَتَ في|ثَبُتَ
awn3-05592578-n,51713,معصم,مَرْفِقٌ|مِرْفَقٌ|زَنْدٌ2|كُوعٌ
awn3-02422442-n,47623,ظبي,غَزَالٌ|رِيمٌ|طَلَا1|شَادِنٌ
awn3-03443167-n,47312,كاس,كُوبٌ|فِنْجَانٌ|جَامٌ
awn3-13587738-n,47826,ذوبان,اِسْتِذَابَةٌ|إِذابَةٌ|صَهْرٌ|تَفَكَّكَ
awn3-01461483-n,53939,جنين,حَمِيلٌ
awn3-05953535-n,49412,فلسفه,حِكْمَةٌ
awn3-00902724-v,50808,ودع,شَيَّعَ
awn3-00816521-a,53624,مبكر,سَابِقٌ|مِبْكَارٌ
awn3-02746620-v,52387,تبقي,ظَلَّ2|بَقِيَ|بَقِيَ ب|بَقِيَ في|بَقِيَ من|تَبَقَّى من
awn3-02130856-a,47429,مختار,مُنْتَخِبٌ|مُنْتَخِبَةٌ|مُنْتَخَبٌ|مَطْلُوبٌ|مُصْطَفَى|مُفَضَّلٌ
awn3-03547513-n,49855,فندق,خانٌ|نُزُلٌ
awn3-13578969-n,53288,تطريه,إِرْخاءٌ
awn3-00277657-n,48052,تلطيخ,تَنْجِيسٌ|تَلْوِيثٌ|تَدْنِيسٌ
awn3-07488581-n,47006,انتصار,غُلْبٌ|غَلْبٌ|قَهْرٌ|فَوْزٌ|نَجَاحٌ|فَتْحٌ
awn3-04554141-n,46690,جدار,وَشِيعٌ|سُورٌ|مِتْرَاسٌ|عَقَبَةٌ|سِيَاجٌ|حَاجِزٌ
awn3-04209460-n,48712,متجر,حَانُوتٌ|دُكَّانٌ
awn3-01815703-v,53610,علا,ذُؤَابَةٌ|ذِرْوَةٌ|أَعْلى1|قِمَّةٌ|عُلُوٌّ|أَوْجٌ
awn3-00047662-v,48680,اكسي,سَرْوَلَ|ألْبَسَ على|سَتَرَ|حَجَبَ|غَطَّى|غَطَّى على
awn3-02947357-a,50354,وصفي,تَصْوِيرِيٌّ|إِيضَاحِيٌّ|تَوْضيحيَّةٌ
awn3-01137927-v,54460,قنص,صَادَ|اِصْطادَ
awn3-13485760-n,52781,تحميض,تَحَمُّضٌ
awn3-13551611-n,52430,اكسده,تَأَكْسُدٌ
awn3-13274154-n,46889,مكتسب,مُسْتَطْرَفٌ|مُبْتَكَرٌ|مُبْتَكِرٌ|مُسْتَحْدَثٌ|مُمَيَّزٌ|مُمَيَّزَةٌ
awn3-03483990-n,54329,صاله,قَاعَةٌ
awn3-03412032-n,48181,فتيل,فَتيلةٌ|ذُبَالَةٌ|شَعِيرَةٌ|شُعَيْرَةٌ
awn3-03690149-n,48685,قاطره,سَيَّارَةٌ|مَرْكَبَةٌ|عَرَبَةٌ|عَجَلَةٌ|حَافِلَةٌ|دُولَابٌ
awn3-01414308-a,48202,متوقع,مُتَرَقَّبٌ|مَرْجُوٌّ|مَأْمُولٌ|مُرَجَّحٌ|مُرَجَّحَةٌ|مُمْكِنٌ
awn3-15125724-n,46608,جمره,ضَرْمَةٌ|لَهَبٌ|لَهيبٌ|قَبَسٌ|جَذْوَةٌ|جِذْوَةٌ
awn3-02497847-v,48259,سلي,آسَى|وَاسَى|عَزَّى
awn3-03364412-n,53348,دورق,قِنِّينَةٌ|قَارُورَةٌ|قُمْقُمٌ|زُجَاجَةٌ
awn3-06771546-n,47502,تضخيم,مُغَالَاةٌ|غُلُوٌّ|تَجْسِيمٌ|تَكْبِيرٌ
awn3-13802818-n,51773,سببيه,عِلِّيَّةٌ
awn3-00786670-v,46958,استفهم,فَتَّشَ|فَتَّشَ على|فَتَّشَ عن|فَتَّشَ في|اِسْتَفْهَمَ عن|سَأَلَ
awn3-02271765-v,52972,اقتصد,اِقْتَصَدَ في
awn3-02332053-n,293388,حيوان قارض,كَائِنٌ قَارِضٌ
awn3-04987712-n,46251,عبق,تَأَرَّجَ في|نَمَّ|نَمَّ عن|فَغَمَ|فَاعَ|طارَ
awn3-00658847-n,47494,عنايه,اِكْتِرَاثٌ|اِهْتِمامٌ|اِعْتِناءٌ|اِنْتِبَاهٌ|حَرْصٌ|حِرْصٌ
awn3-00047177-r,53828,للغايه,جِدَّاً|لِأقصَى دَرَجة|إلى حدٍّ كبير
awn3-02696036-a,46311,خلوي,مُوبايْل|جَوَّالٌ|تِلِفُونٌ|تِلِيفُونٌ|هَاتِفٌ|مَحْمُولٌ
awn3-07277247-n,47962,مؤشر,كِنَايَةٌ|تَلْمِيحٌ|رَمْزٌ|عَلَامَةٌ|دَلِيلٌ|دَلالَةٌ
awn3-15232668-n,293595,شهر قمري,شَهْرٌ هِجْرِيّ|شَهْرٌ عَرَبِيٌّ
awn3-03133170-n,52261,مرهم,مَرُوخٌ|دِهَانٌ|بَلْسَمٌ
awn3-03422255-n,46689,حديقه,مَقْطَنَةٌ|مُسْتَنْبَتٌ|فِرْدَوْسٌ|بُستانٌ|غُوطَةٌ|غَيْطٌ1
awn3-02492581-v,46318,التقي,رَكَمٌ|اِجْتَمَعَ|اِجْتَمَعَ ب|تَجَمْهَرَ|تَلَاقَى|اِنْدَمَجَ في
awn3-08398167-n,47360,زعامه,رِئَاسَةٌ|سِيَادَةٌ|إِمَارَةٌ|نُفوذٌ|سُلْطَةٌ|قُوَّةٌ1
awn3-07403930-n,46178,جلجله,قَرْقَعَةٌ|عَقِيرَةٌ|حِسٌّ|عَزْفٌ|غَوْغَاءُ|صَخَبٌ
awn3-06554038-n,48975,تحريم,كَبْتٌ|كَتَمَ|كَبْحٌ
awn3-10648006-n,46550,عاهل,قَيْصَرٌ|أَمِيرٌ|عَظِيمٌ|حاكِمٌ|إِمْبِرَاطُورٌ|فِرْعَونٌ
awn3-00182828-r,54021,عندما,حِينَمَا|لَمَّا
awn3-02876454-a,52395,حضري,مَدَنِيٌّ|مَدِينِيٌّ|مَدِينِيَّةٌ
awn3-15227602-n,293593,سنه شمسيه,سَنَة ميلاديّة
awn3-00006354-a,53765,ماص,مُمْتَزٌّ|مُمْتَصٌّ|مَصَّاصٌ|مَازٌّ
awn3-00597025-v,46270,ايقن,ثَبَتَ|ثَبَتَ على|ثَبَتَ في|اِسْتَثْبَتَ|اِسْتَثْبَتَ في|اِسْتَثْبَتَ من
awn3-13596636-n,53639,اختمار,تَخْمِيرٌ
awn3-00272510-v,53844,زعزع,قَلْقَلَ|تَقَلْقَلَ|تَهَزْهَزَ|تَهَزْهَزَ إلى|زَعْزَعَ ب
awn3-02821967-n,46909,سرير,مُضَّجَعٌ|مُضْطَجَعٌ|مَهْجَعٌ|تَخْتٌ|مَثْوًى|مَضْجَعٌ
awn3-01911069-v,46360,صحب,آخَى|جَالَسَ|جَاوَرَ|اِصْطَحَبَ|لَابَسَ|خادَنَ
awn3-01173463-v,45922,احتسي,نَهِلَ|رَشِفَ|تَمَصَّصَ|اِجْتَرَعَ|جَرَعَ|تَجَرَّعَ
awn3-01350856-v,45882,اقفل,أَرْتَجَ|رَتَجَ|أَزْلَجَ|أَطْبَقَ|أَطْبَقَ على|صَكَّ
awn3-01146646-n,47451,تحضير,إِعْدَادٌ|تَجْهِيزٌ
awn3-15078434-n,51316,نشاء,نَشَا
awn3-14519777-n,49414,نظافه,طَهَارَةٌ|طِهَارَةٌ|صَفَاءٌ|نَقَاوَةٌ
awn3-11438574-n,46691,بخت,قِسْمَةٌ|كِفْلٌ|حُظْوَةٌ|نَصِيبٌ|رِزْقٌ
awn3-03152175-n,47312,فنجان,كُوبٌ|قَدَحٌ|جَامٌ|كَأْسٌ
awn3-02610484-v,49278,تعايش,مُعايَشَةٌ|تَكافُلٌ
awn3-00996121-v,48708,شفر,كِفَافٌ|شَفَةٌ
awn3-10045455-n,52201,واهب,مُعْطٍ
awn3-04895107-n,46008,عجرفه,تَجَبُّرٌ|نَعْرَةٌ|تَصَلُّفٌ|تَغَطْرُسٌ|تَعَجْرُفٌ|تَبَخْتُرٌ
awn3-03332179-n,46690,سياج,وَشِيعٌ|جِدارٌ|مِتْرَاسٌ|حَائِطٌ|عَقَبَةٌ|حَاجِزٌ
awn3-02844120-a,52870,نباتي,خُضَرِيٌّ
awn3-01733312-v,51671,دندن,طَنْطَنَ|دَنَّ
awn3-04466597-n,47743,منشفه,مُهَوِّيَّةٌ|مُتَنَفَّسٌ|نَشَّافَةٌ|فُوطَةٌ
awn3-01153025-v,48687,استهدف,سَدَّدَ|صَوَّبَ|وَجَّهَ إلى|اِسْتَهْدَفَ ل
awn3-02155533-n,47591,فريسه,طَرِيدٌ|ذَبِيحَةٌ|ضَحِيَّةٌ|وَقِيعَةٌ
awn3-00976848-n,46429,اقتحام,اِكْتِسَاحٌ|غَزْوَةٌ|إِغَارَةٌ|كَرٌّ|كَرَّةٌ|اِعْتِداءٌ
awn3-02386219-a,51368,متزامن,مُتَوَاقِتٌ|مُطَابِقٌ|تَزَامُنِيٌّ|مُتَلَازِمٌ
awn3-06389065-n,49505,قصيده,مَلْحَمَةٌ
awn3-05709328-n,455000261,عمليه معرفيه,عملية عرفانية|معالجة ذهنية
awn3-05426061-n,48516,وريد,وَتِينٌ|عِرْقٌ|نِيَاطٌ|شَرْيَانٌ|شِرْيَانٌ
awn3-10188177-n,46484,وريث,مَوْلَىً|ثَمَرَةٌ|خَلَفٌ|وَلَدٌ|طِفْلٌ|عاقِبةٌ
awn3-01236655-n,47760,زياره,مَجِيءٌ|غَشَيَانٌ|قُدُومٌ|وُصُولٌ|حُضُورٌ1|عِيَادَةٌ
awn3-00428583-n,47528,استجمام,اِنْشِرَاحٌ|اِسْتِرَاحَةٌ|اِسْتِرْخَاءٌ|دَعَةٌ|رَاحَةٌ
awn3-07200808-n,54174,دعوه,نِداءٌ
awn3-02339863-v,47515,سلح,بِرَازٌ|غَائِطٌ1|نَجْوٌ|خَرْءٌ|خُرْءٌ
awn3-07819521-n,49457,حنطه,حَبٌّ|غَلَّةٌ|حَبَّةٌ
awn3-00995188-a,52871,دهني,أَلِيفَاتِيٌّ|شَحْمِيٌّ|زَيْتِيٌّ
awn3-01429048-v,46682,نكح,تَزَوَّجَ|تَزَوَّجَ ب|تَزَوَّجَ من|تَأَهَّلَ|تَأَهَّلَ ب|تَأَهَّلَ ل
awn3-09643248-n,47565,قاطن,مُسْتَوْطِنٌ|نَازِلٌ|مُقِيمٌ|مُقِيمَةٌ|هَاجِعٌ|مُسْتَقَرٌّ
awn3-07586285-n,52032,تغذيه,تَزْوِيدٌ|تَمْوِينٌ
awn3-15048807-n,50215,هيموغلوبين,يَحْمُورٌ
awn3-08658314-n,46333,منتجع,مُنْيَةٌ|أُمْنِيَّةٌ|مَرَامٌ|مُبْتَغَىً|مَأْرَبٌ|مَرْمًى
awn3-02488224-a,46804,منقسم,مَشْقُوقٌ|مُتَفَتِّحٌ|ثُنَائِيٌّ|مَفْلُوقٌ|مُجَزَّأٌ|مُجَزَّأَةٌ
awn3-02948281-n,52558,معسكر,ثُكْنَةٌ
awn3-10481313-n,50787,مؤثر,فَعَّالٌ|فَاعِلٌ2|قَوِيٌّ
awn3-07825344-n,52014,توابل,تابَلٌ|تابِلٌ
awn3-00065410-v,303029728,اشتكي من,اِشْتَكى|اِشْتَكى إلى
awn3-02053645-v,46464,تخطي,زَرَقَ2|زَرَقَ مِنْ|طَوَى1|جازَ|جازَ ب|اِجْتازَ
awn3-13982355-n,46757,وقوع,اِنْخِسَافٌ|إِنْقَاصٌ|اِنْحِطَاطٌ|تَدَنٍّ|تَقْلِيلٌ|اِنْخِفَاضٌ
awn3-02466034-n,48138,خاصره,كَشْحٌ|قُرْبٌ|حَقْوٌ
awn3-13578969-n,53288,تليين,إِرْخاءٌ
awn3-07394177-n,46461,تغريد,إِنْشَادٌ|غِنَاءٌ|طَرَبٌ|صَدْحٌ|تَرْتِيلٌ|نَغْمٌ2
awn3-10689430-n,49327,مرؤوس,تَابِعٌ1
awn3-01345290-a,47476,مهتم,مُكْتَرِثٌ|مُبَالٍ|مُنْتَبِهٌ
awn3-07252418-n,46877,تجريم,تَجْنِيحٌ|ظَنٌّ|تُهْمَةٌ|ظِنَّةٌ|طَنَّ|طَنَّ في
awn3-15040068-n,49970,نترات,أَزُوتَات|آزُوتَات
awn3-02239585-v,52972,اقتصد في,اِقْتَصَدَ|وَفَّرَ
awn3-00827889-a,49663,غربا,في اتجاه الغرب|نحو الغَرب
awn3-00047662-v,47210,سمد,زَبَّلَ|لَقَّحَ|أَخْصَبَ|خَصَّبَ
awn3-00897199-n,46405,تمرين,تَعْوِيدٌ|تَمَرُّسٌ|مِرَانٌ|تَعَوُّدٌ|برُوفَةٌ|اِخْتِبَارٌ
awn3-14621593-n,53765,ممتص,مُمْتَزٌّ|مَصَّاصٌ|مَازٌّ|مَاصٌّ
awn3-02180022-v,48888,تك,تَكْتَكَ|تَكْتَكَ ل|تَكْتَكَ من|خَفَقَ1|دَقَّ1|دَقَّ1 على
awn3-02292312-a,47304,مكتوب,مُتَحَتِّمٌ|مُبْرِمٌ|مُقَدِّرٌ|مُقَدِّرَةٌ|مُنْجَزٌ|مَفْرُوضٌ
awn3-02320505-v,53417,ورث,أَوْرَثَ
awn3-13752012-n,293237,عدد حقيقي,عَدَد مُتّصِل
awn3-05610590-n,47649,وجنه,مَلْطَمٌ|مَلْطِمٌ|عَارِضٌ|عِذَارٌ|وَجْهٌ
awn3-02873887-n,52757,كتيب,كُرَّاسَةٌ|دَلِيلٌ
awn3-02130856-a,47429,منتقي,مُنْتَخِبٌ|مُنْتَخِبَةٌ|مُنْتَخَبٌ|مَطْلُوبٌ|مُصْطَفَى|مُفَضَّلٌ
awn3-01893603-v,46841,خض,اِرْتَجَفَ|رَجْرَجَ|تَرَجَّحَ|تَرَجَّحَ ب|تَأَرْجَحَ|تَأَرْجَحَ على
awn3-10550802-n,50669,يميني,أَيْمَنَ|أَيْمَنُ2
awn3-04055680-n,52625,سكه حديديه,خَط حديدي|خَطُّ سِكّةِ حَديد
awn3-14504004-n,54377,ميوعه,سُيُوبَةٌ
awn3-00084405-n,47770,ارث,تَرِكَةٌ|تِرْكَةٌ
awn3-00278220-n,52844,ترطيب,تَبْلِيلٌ
awn3-02329178-v,46736,اعار,دَيَّنَ|أَسْلَفَ|قَارَضَ|سَلَّفَ|أَدَانَ
awn3-01049617-v,48525,نبح,ضَبَحَ|نَبَحَ على|عوَى|وَعْوَعَ
awn3-10613153-n,53767,متعهد,مُقَاوِلٌ|مُلْتَزِمٌ
awn3-15004774-n,47485,مبيد,مُمِيتٌ|قَتّالٌ|قَاتِلٌ|مُهْلِكٌ|فَتَّاكٌ
awn3-02927500-n,48685,حافله,سَيَّارَةٌ|قَاطِرَةٌ|مَرْكَبَةٌ|عَرَبَةٌ|عَجَلَةٌ|دُولَابٌ
awn3-01115977-n,49299,متاجره,تِجَارَةٌ
awn3-00063834-n,53883,رقم قياسي,أعلى ما سُجِّل
awn3-15020587-n,48863,ملمع,مَصْقُولٌ|صَقِيلٌ
awn3-10501805-n,46397,داعم,مُؤَازِرٌ|مُسَانِدٌ|مُدَافِعٌ|مُؤَيِّدَةٌ|مُرَافِقٌ|سَنَدٌ1
awn3-00978784-n,46429,غزو,اِكْتِسَاحٌ|غَزْوَةٌ|إِغَارَةٌ|كَرٌّ|كَرَّةٌ|اِعْتِداءٌ
awn3-00777201-v,46471,تخاصم,تَضارَبَ|تَخاصَمَ على|تَشَاجَرَ ب|تَشَاحَنَ|تَناجَزَ|تَناحَرَ على
awn3-14817703-n,48898,سناج,قُتَارٌ|هَبَابٌ|دُخَّانٌ|أُوَامٌ
awn3-01135602-n,46957,احتلال,مُصَادَرَةٌ|اِسْتِيلَاءٌ
awn3-05197374-n,48872,انتفاع,اِسْتِفَادَةٌ|تَوْظِيفٌ|اِسْتِثْمَارٌ
awn3-01332782-a,53280,متحد,مُقْتَرِنٌ|مُتَّصِلٌ|مُوحَّدٌ
awn3-04943580-n,48148,سماكه,غِلَظٌ|ثَخَانَةٌ|ثِخَنٌ
awn3-00468799-a,52865,جماعي,مُتَكَتِّلٌ|إِجْماليٌّ
awn3-06331794-n,50090,واصف,عَيَّنَ
awn3-02834859-a,50257,لفظي,حَرْفِيّ|حِرْفِيّ
awn3-07826883-n,47972,ادام,خَلَّدَ|أَبَّدَ|أَبْقَى1|أَبْقَى1 على|أَبْقَى1 من|سَرْمَدٌ
awn3-14727036-n,53630,غراء,لِزَاقٌ|لَاصُوقٌ
awn3-00055613-v,46363,كاثر,تَاهَ1 عن|تَاهَ1 في|زَهَا1|زُهِيَ|زُهِيَ بِ|زُهِيَ عَلى
awn3-15081108-n,49139,رذاذ,رَشَّاشٌ|نَضْحٌ
awn3-00045991-n,52822,تشغيل,تَصْرِيفٌ|قِيَادَةٌ|إِدَارَةٌ
awn3-07203790-n,51048,دعاء,دَعَا1|دَعَا1 إلى|دَعَا1 ب|دَعَا1 على|دَعَا1 ل
awn3-05555141-n,53710,حلقوم,حَلْقٌ
awn3-04842259-n,47216,انانيه,اِسْتِئْثَارٌ|حِيَازَةٌ|اِسْتِحْوَاذٌ|اِحْتِبَاسٌ|اِحْتِكَارٌ|أَثَرَةٌ
awn3-09700747-n,48382,يهودي,إِسْرَائِيلِيٌّ|عِبْرِيٌّ|عِبْرَانِيٌّ
awn3-01243284-v,46255,مس,وَسْوَسَةٌ|اِخْتِبَالٌ|اخْتِلَاطٌ|خَبَلَ|وَسْوَاسٌ|وِسْوَاسٌ
awn3-04173614-n,51250,مهدئ,مُلَطَّفٌ|مُسَكِّنٌ|مُلَطِّفٌ
awn3-01236220-a,50788,عمودي,شَاقُولِيٌّ
awn3-01050836-n,49076,تنشيط,حَفْزٌ
awn3-00225476-r,53545,بعنف,بشِدَّة|بجهد
awn3-15008050-n,53632,تماسيح الحديد,كُتَل مَصبوبة من حديد الزَّهر|حديد غُفْل
awn3-00616690-v,46295,اغفل,سَها إلى|سَها عن|سَها في|اِلْتَهَى ب|اِلْتَهَى عن|تَلَهَّى ب
awn3-00472920-a,48400,مطبوع,مَفْطُورٌ|مَخْلوقاتٌ
awn3-10358420-n,48557,سفاك,مُجْرِمٌ|سَفَّاحٌ
awn3-02419526-n,47435,تيس,عَنَزَةٌ|جَدْيٌ|جِدْيٌ|عَنْزَةٌ|عَنْزٌ|مَاعِزٌ
awn3-06705317-n,46178,هتاف,جَلْجَلَةٌ|قَرْقَعَةٌ|عَقِيرَةٌ|حِسٌّ|عَزْفٌ|غَوْغَاءُ
awn3-02494483-v,46682,تزوج,تَزَوَّجَ ب|تَزَوَّجَ من|تَأَهَّلَ|تَأَهَّلَ ب|تَأَهَّلَ ل|أَهَلَ
awn3-02834859-a,53099,شفهي,شَفَوِيٌّ
awn3-00839551-v,48105,اوهم,زَيَّفَ|ضَلَّلَ|أَضَلَّ|خَدَعَ
awn3-10615055-n,47051,متوعك,مُنْهَكٌ|مِمْرَاضٌ|مُضْنَىً|مُدْنِفٌ|مُنْهِكٌ|صِبٌّ
awn3-05864650-n,293267,كميه عدديه,كَمِّيَّةٌ غَيرَ مُتَّجِهَةٍ|كَمِّيَّةٌ قِياسيَّةٌ|كَمِّيَّةٌ مَعْدُودَةٌ
awn3-01814550-n,52083,حمامه,فاخِتَةٌ|قُمْرِيٌّ|يَمَامٌ
awn3-03951735-n,47618,مزمار,قُصَّابَةٌ|شَبَّابَةٌ|يَرَاعٌ2|قِصَابَةٌ|زَمَّارَةٌ|نَايٌ
awn3-10335495-n,47307,مناضل,مُجَاهِدٌ|مُدَافِعٌ|مُحَارِبٌ|مُقَاتِلٌ|جُنْدِيٌّ
awn3-06726451-n,46207,لوم,تَقْرِيعٌ|مُعَاتَبَةٌ|تَقْبِيحٌ|تَعْنِيفٌ|تَثْرِيبٌ|تَبْكِيتٌ
awn3-10443334-n,50389,فيلسوف,حَكِيمٌ
awn3-02313712-n,54028,يرقه,يَرَقَانَةٌ
awn3-14844350-n,52455,خرسانه,بَاطُونٌ|إِسْمَنْتٌ|أَسْمَنْتٌ|مِلَاطٌ
awn3-05610590-n,47649,خد,مَلْطَمٌ|مَلْطِمٌ|عَارِضٌ|عِذَارٌ|وَجْهٌ
awn3-02258963-v,47279,دان,مُتَاخِمٌ|مُلَاصِقٌ|قَرِيبٌ|مُجَاوِرٌ|أَقْرَبُ|أَدْنَى 2
awn3-06726451-n,46207,عتاب,تَقْرِيعٌ|مُعَاتَبَةٌ|تَقْبِيحٌ|تَعْنِيفٌ|تَثْرِيبٌ|تَبْكِيتٌ
awn3-00707283-v,48035,طمح الي,سَمَا1|سَمَا1 إلى|سَمَا1 ب|تَحَفَّزَ في|تَحَفَّزَ ل|طَمِعَ ب
awn3-03771096-n,48686,طاحونه,طَاحُونٌ|رَحَىً2
awn3-00909100-v,303029728,اشتكي,اِشْتَكى إلى|اِشْتَكى من
awn3-05569882-n,46354,فخذ,عَشِيرَةٌ|سُلَالَةٌ2|قُرْبَانٌ|قُرْبَىً|أَنْصَارٌ|عِشْرَةٌ
awn3-00059339-n,48649,خروج,بُرُوزٌ|طُلُوعٌ|نُتُوءٌ1
awn3-07449873-n,48154,نشوب,تَفَشٍّ|شُبُوبٌ
awn3-07971317-n,46373,باقه,جُرْزَةٌ|قَبْضَةٌ|إِضْبَارَةٌ|ضِغْثٌ|إِضْمَامَةٌ|صُرَّةٌ
awn3-00199300-n,52300,ترقيه,تَقَدُّمٌ|اِرْتِقاءٌ
awn3-00602438-v,46295,انشغل,سَها إلى|سَها عن|سَها في|اِلْتَهَى ب|اِلْتَهَى عن|تَلَهَّى ب
awn3-07501768-n,46110,اشتياق,تَلَهُّفٌ|وَلَهٌ|لَهْفَةٌ|حَنِينٌ|تَوْقٌ|صَبَابَةٌ
awn3-04386330-n,46667,منضده,وَلِيمَةٌ|سِمَاطٌ|قِرَىً|طَعَامٌ|عَقِيقَةٌ|مَأْدَبَةٌ
awn3-02222955-v,54382,جبي,حَشَرَ|جَيَّشَ
awn3-02430309-v,47137,افتتح,دَشَّنَ|اِبْتَدَأَ ب|بَاشَرَ|شَرَعَ1|شَرَعَ في|بَدَأَ
awn3-14465291-n,53980,هيمنه,تَسَلُّطٌ|تَحَكُّمٌ|سِيَادَةٌ|سُلْطَةٌ|حُكْمٌ|اِسْتِحْوَاذٌ
awn3-00198526-a,54471,مطمئن,مَأْمُونٌ|آمِنٌ|آمِنَةٌ|سَالِمٌ|سَلِيمٌ
awn3-00443377-n,49005,سباحه,طَفْوٌ|عَوْمٌ|تَعْوِيمٌ
awn3-01870596-v,46669,دحرج,نَكَسَ|نَكَّسَ|قَلَبَ|عَكَسَ|حَوَّلَ|أَدارَ
awn3-00832318-a,49818,صالح للاكل,يُؤكَل
awn3-01853188-v,46574,جاء,طَرَقَ|طَرَقَ ب|طَرَقَ على|طَرَقَ في|غَشِيَ1|أقْبَلَ
awn3-00117417-r,49672,معا,في نفس الوقت
awn3-03007747-a,47503,معياري,عِيَارِيٌّ|قِياسيٌّ|إِمَامِيٌّ|مِثَالِيٌّ|نَمُوذَجِيٌّ|نَمَطِيٌّ
awn3-03766206-n,48360,مجهر,مِقْرَابٌ|تِلِسْكُوبٌ|مِرْقَبٌ|مَرْقَبٌ|مِرْصَادٌ|مِنْظَارٌ
awn3-13987306-n,46229,زواج,تَأَهُّلٌ|قِرَانٌ|اِقْتِرانٌ|زِفَافٌ|زِيجَةٌ|عُرْسٌ
awn3-13748184-n,46462,جول,تَرَحَّلَ|تَرَحَّلَ عن|اِرْتَحَلَ|اِرْتَحَلَ إلى|اِرْتَحَلَ عن|طَافَ2
awn3-05901034-n,49596,متطلب,مَطْلَبٌ
awn3-06724794-n,46207,تانيب,تَقْرِيعٌ|مُعَاتَبَةٌ|تَقْبِيحٌ|تَعْنِيفٌ|تَثْرِيبٌ|تَبْكِيتٌ
awn3-01315584-n,47007,تفاوض,تَخَاطَبَ|تَناقَشَ في|تَحَادَثَ|تَحَاوَرَ|تَكالَمَ|تَجَادَلَ
awn3-02354208-v,52955,استودع,أَسَرَّ|أَسَرَّ ب|اِئْتَمَنَ
awn3-01449876-v,52721,كبس,دَفْعٌ|ضَغْطٌ
awn3-01730287-n,46292,حنش,صِلٌّ|ثُعْبَانٌ|أَسْودُ2|أَصَلَةٌ|أَرْقَمُ|حَيَّةٌ
awn3-01203727-v,47385,علك,لَعِقَ|لَقِمَ|لاكَ|لاكَ في
awn3-09262646-n,293258,جرم سماوي,جسم فلكي
awn3-14550366-n,48014,مناعه,عُسُوٌّ|مُنَّةٌ|مَقْدِرَةٌ|أَزْرٌ|صَرَامَةٌ|صَلَابَةٌ
awn3-10127072-n,52381,مؤسس,مُنْشِئٌ|بَانٍ|الْبَانِي
awn3-02325354-v,54523,حاسب,حاسَبَ على
awn3-01129700-n,46380,اجبار,اِضْطِرارٌ|إِرْغَامٌ|إِلْزَامٌ|تَضْيِيقٌ|غَلَبَةٌ|إِكْرَاهٌ
awn3-02329178-v,46736,اقرض,دَيَّنَ|أَسْلَفَ|قَارَضَ|سَلَّفَ|أَدَانَ
awn3-14679133-n,53998,فضه,لُجَيْنٌ|نُضَارٌ
awn3-13752579-n,293246,عدد كسري,عَدَدْ غَيْر صَحيح
awn3-00273557-n,46542,احباط,إِفْسَادٌ|فَسْخٌ|تَعْطِيلٌ|نَقْضٌ|مَنْعٌ|وَقَّفَ
awn3-01182162-v,46679,تغذي,نَهَشَ|اِسْتَرَطَ|خَضَمَ|ذَاقَ|زَرِدَ|اِزْدَرَدَ
awn3-00117417-r,46884,سويه,إِنْصَافٌ|حَقٌّ|قِسْطٌ|صِدْقٌ|عَدَالَةٌ|عَدْلٌ
awn3-01815703-v,53564,انهض,عَلَّى
awn3-04914446-n,47702,عناد,عُرَامٌ|سَمَاجَةٌ|غِلْظَةٌ|غَلَاظَةٌ|كَثَافَةٌ|قَسْوَةٌ
awn3-03664618-n,48125,عتله,مُخْلٌ|ذِرَاعٌ|رَافِعٌ|رَافِعَةٌ
awn3-02732759-v,46512,اوشك,أَزِفَ|ناهَزَ|جَاوَرَ|شَارَفَ|شَارَفَ على|أقْبَلَ
awn3-13750477-n,293750,عدد طبيعي,عَدَد تَرْتيبي|عَدَدْ صَحيح غَيْر سالِبْ
awn3-02419165-n,47435,ماعز,عَنَزَةٌ|تَيْسٌ|جَدْيٌ|جِدْيٌ|عَنْزَةٌ|عَنْزٌ
awn3-02069762-a,48748,كاسد,بَائِرٌ|رَاكِدٌ
awn3-00798428-n,53433,مغامره,مُجَازَفَةٌ|مُخَاطَرَةٌ
awn3-10727453-n,47052,لص,سِنِمّارٌ|سَرَّاقٌ|سَلّابٌ|فَتَّانٌ|طَرَّازٌ|نَشَّالٌ
awn3-01387328-n,47938,طفيلي,تَابِعٌ1|إِمَّعَةٌ|اِتِّكَالِيٌّ
awn3-03483839-n,54329,قاعه,صَالَةٌ
awn3-02559774-v,46384,عهر,قَذَعٌ|سِفَاحٌ|ابْتِذَالٌ|بَذَاءَةٌ|فُجُورٌ|فُجْرٌ
awn3-06525357-n,48539,عريضه,مُذَكِّرَةٌ|طَلَبٌ|اِسْتِدْعَاءٌ
awn3-04659141-n,46287,تكتم,أَكْمَنَ|كَنَّ1|صَمَتَ|غَمَى2|كَاشَحَ|طَوَى1
awn3-04898878-n,46114,سخافه,غَبَاوَةٌ|غَفْلَةٌ|هَوَجٌ|هَوَسٌ|خَطَلٌ|بَلادَةٌ
awn3-07051211-n,52640,مقطوعه,فِقْرَةٌ|فَقَرَةٌ|فَقْرَةٌ|فِقْرَةٌ
awn3-02575716-a,47126,مستعد,مُحْتَشِدٌ|مُتَأَهِّبٌ|مُهَيَّأٌ|مُعَدٌّ|جَاهِزٌ|حَاضِرٌ
awn3-03531007-n,53489,اداه تثبيت,أداةُ رَبطٍ
awn3-02880845-a,52113,بصري,إِبْصَارِيٌّ|عَيْنِيٌّ|نَظَرِيٌّ
awn3-14032291-n,50069,سريان,تَدَفُّقٌ|سَيَلَانٌ|جَرَيَانٌ|دَفْقٌ|فَيْضٌ
awn3-02169125-v,46386,اعجب,أَغْبَطَ|أَطْرَبَ|أَجْذَلَ|أَفْرَحَ|فَرَّحَ|أَسْعَدَ
awn3-00850387-v,46695,انزعج,جَهِدَ|أَنْهَكَ|ساءَ1|أَكَلَّ|تَعِبَ|أَتْعَبَ
awn3-14711074-n,49705,غازولين,بِنْزُولٌ
awn3-13507473-n,48128,تغويز,تَغَوُّزٌ|تَغَوَّزَ|غَوَّزَ
awn3-04497386-n,51568,شاحنه,كَمْيُونٌ|لُورِي
awn3-00534959-n,52847,العاب القوي,الألعاب الرياضية
awn3-07519582-n,46338,امتنان,تَفَضُّلٌ|صَفَدَ|وَهْبٌ|حَبْوٌ|إِحْسَانٌ|مَنٌّ
awn3-00045548-v,46440,نحف,ضَمُرَ|لَطُفَ|دَقَّ1|دَقَّ1 على|شَفَّ2|نَحَلَ2
awn3-08632949-n,293162,منتزه,مُتَنَزَّهٌ
awn3-02393670-a,48910,عالي,سَامِقٌ|شَامِخٌ|عَالٍ
awn3-02834663-a,52303,فعلي,مَادِّيٌّ|وَاقِعِيٌّ|حَقِيقِيٌّ
awn3-00979387-n,46429,غزوه,اِكْتِسَاحٌ|إِغَارَةٌ|كَرٌّ|كَرَّةٌ|اِعْتِداءٌ|اِقْتِحامٌ
awn3-02861626-n,46307,زورق,مَاخِرَةٌ|مَرْكَبٌ|مَرْكِبٌ|طَرَّادٌ|طَوْفٌ|سَفِينَةٌ
awn3-14683034-n,53241,قصدير,تَنَكٌ
awn3-07962721-n,47543,مهزوم,خائِبٌ|ضَعِيفٌ|فاشِلٌ|خاسِرٌ
awn3-07569189-n,46406,اشفاق,مَرْحَمَةٌ|مُوَاسَاةٌ|تَحَنُّنٌ|مَحَبَّةٌ|إِحْسَاسٌ|حِسٌّ
awn3-03008889-n,45970,ثريا,قِيفْيَاوْسْ|سَهْمٌ1|قِيثَارَةٌ|دَجَاجَةٌ|دُجَاجَةٌ|دِجَاجَةٌ
awn3-00873606-v,53333,اذن ب,أَذَّنَ|أَذَّنَ ل
awn3-00762232-v,48240,ناجي,خَاطَبَ|ناغى|حَاوَرَ|حَدَّثَ|سَارَّ|كَلَّمَ
awn3-01816687-v,47882,الهم,أوْعَزَ إلى
awn3-00103071-v,46392,احمر,عَنْدَمٌ|مُتَوَرِّدٌ|عِنَّابِيٌّ|قِرْمِزِيٌّ|أُرْجُوَانِيّ|وَرْديٌّ
awn3-14887672-n,47210,زبل,لَقَّحَ|سَمَّدَ|أَخْصَبَ|خَصَّبَ
awn3-07527145-n,46114,طيش,غَبَاوَةٌ|غَفْلَةٌ|هَوَجٌ|هَوَسٌ|خَطَلٌ|بَلادَةٌ
awn3-04212826-n,48612,طلقه,فَشَكَةٌ|خَرْطُوشٌ
awn3-00178349-v,48242,تنحنح,أَحَّ|نَحَمَ|سَعَلَ
awn3-08084054-n,52739,طيران,زَفِيفٌ|تَحْلِيقٌ
awn3-15086624-n,52262,جبس,مِلَاطٌ
awn3-14674986-n,49072,بوتاسيوم,بَلَادْيُوم
awn3-02233837-v,53417,اورث,وَرَّثَ
awn3-03014232-a,52473,حركي,تَحَرُّكِيٌّ
awn3-00746223-v,46737,ادغم,دَمَّجَ|أَدْخَلَ|دَمَجَ2|اِنْدَمَجَ في|رَصَّ|اِتَّحَدَ
awn3-02722499-n,47519,ترياق,عِلَاجٌ|عَقَاقِيرُ|دَوَاءٌ|بَلْسَمٌ|مُعَالَجَةٌ
awn3-07967372-n,53352,جريح,كَلِيمٌ
awn3-15318833-n,53677,تجنيد,نَفِيرٌ2|تَعْبِئةٌ
awn3-14497636-n,46748,ازدهار,تَمْدِينٌ|تَمَدُّنٌ|رَقِيَ|رَقِيَ إلى|رَقِيَ في|مَدَنِيَّةٌ
awn3-10780008-n,52980,مقترع,مُنْتَقٍ|مُنْتَخِبٌ|مُنْتَخِبَةٌ
awn3-02341479-v,50792,اثث,نَجَّدَ
awn3-01228272-n,46174,اهانه,اِسْتِحْقَارٌ|اِزْدِرَادٌ|اِسْتِهَانَةٌ|تَهَاوُنٌ|اِمْتِهانٌ|اِسْْتِعْبَادٌ
awn3-05706947-n,334000021,شكوكيه,اِرْتِيَابِيَّةٌ
awn3-01396650-v,49350,كنس,غَسْلٌ|تَنْقِيَةٌ|تَصْفِيَةٌ
awn3-05555141-n,53899,حنجره,حُنْجُورٌ
awn3-08287963-n,46805,مجره,فَرْقَدٌ|دُرِّيٌّ|مُذَنَّبٌ|نَجْمٌ|كَوْكَبٌ|نَيْزَكٌ
awn3-00918295-n,46963,حراثه,حَرْثٌ|زَرْعٌ|زِرَاعَةٌ|فَلْحٌ|فِلَاحَةٌ
awn3-07551462-n,48309,ندامه,حَسْرَةٌ|تَوْبَةٌ|أَوْبٌ
awn3-10813654-n,46254,مؤلف,مُنْشِئٌ|مُحَرَّرٌ|كَاتِبٌ1|أَدِيبٌ|نَاثِرٌ|شاعِرٌ
awn3-01398335-a,45903,اضخم,أَرْقَى|أَسْمَى2|أَرْفَعُ|أَمْجَدُ|أَنْبَلُ|أَشْرَفُ
awn3-10026763-n,47492,جاحد,مُشْرِكٌ|ناكِرٌ|وَثَنِيٌّ|زِنْدِيقٌ|مُلْحِدٌ|كَنُودٌ
awn3-04898528-n,46565,غباء,خَبَلٌ|غَبَاوَةٌ|أَفْنٌ|بَلَاهَةٌ|بَلَهٌ
awn3-01217882-n,52207,مصادقه,مُوَافَقَةٌ|مُوَاءَمَةٌ|تَصْدِيقٌ|قَبُولٌ|قُبُولٌ|اِعْتِمادٌ
awn3-05056959-n,47547,حداثه,عِرْنِينٌ|فَتَاءٌ|فُتُوَّةٌ|شَبِيبَةٌ|شَبَابٌ
awn3-10072812-n,46550,امبراطور,قَيْصَرٌ|أَمِيرٌ|عَظِيمٌ|حاكِمٌ|مَلِكٌ|عَاهِلٌ
awn3-13693040-n,52595,مليم,دِينَارٌ
awn3-02666897-v,51472,انحاز الي,تَحَيُّزٌ|حَابَى|تَحَزَّبَ|تَحَزَّبَ على|تَحَزَّبَ ل|اِنْحَازَ
awn3-14460852-n,48165,صيت,سُمْعَةٌ|ذِكْرٌ
awn3-00026378-v,46357,استرخي,كَرَى1|تَسَطَّحَ|اِنْسَطَحَ|ضَجَعَ|اِضْطَجَعَ|اِسْتَلْقَى على
awn3-01783082-v,46253,اخاف,ذَعَرَ|أَذْعَرَ|فَزَّعَ|أَفْزَعَ|خَشَّى|أَرْعَبَ
awn3-02239585-v,48140,حصص,خَصَّصَ|رَكَّزَ|رَكَّزَ على|حَدَّدَ|عَيَّنَ
awn3-04112987-n,53438,حجره,غُرْفَةٌ2
awn3-07553361-n,46499,اضعاف,إِهْلاَكٌ|هَلاَكٌ|تَهْدِيمٌ|تَحْطِيمٌ|إِفْسَادٌ|إِعْطَابٌ
